calibration,ev_mode,pad_ticks,max_ask,trades_per_day,right_pct,profit,max_dd,profit_per_dd,losing_days,longest_losing_run
raw,fixed_0.05,0,0.5,93.0,49.2,547.6,87.4,6.27,2,9
raw,fixed_0.05,0,0.6,126.2,51.9,627.2,91.9,6.83,1,8
raw,fixed_0.05,0,0.7,128.8,52.2,633.3,92.6,6.84,1,8
raw,fixed_0.05,1,0.5,93.0,49.2,547.6,87.4,6.27,2,9
raw,fixed_0.05,1,0.6,126.2,51.9,627.2,91.9,6.83,1,8
raw,fixed_0.05,1,0.7,128.8,52.2,633.3,92.6,6.84,1,8
raw,fixed_0.05,3,0.5,93.0,49.2,547.6,87.4,6.27,2,9
raw,fixed_0.05,3,0.6,126.2,51.9,627.2,91.9,6.83,1,8
raw,fixed_0.05,3,0.7,128.8,52.2,633.3,92.6,6.84,1,8
raw,fixed_0.05,5,0.5,93.0,49.2,547.6,87.4,6.27,2,9
raw,fixed_0.05,5,0.6,126.2,51.9,627.2,91.9,6.83,1,8
raw,fixed_0.05,5,0.7,128.8,52.2,633.3,92.6,6.84,1,8
raw,fixed_0.10,0,0.5,93.0,49.2,547.6,87.4,6.27,2,9
raw,fixed_0.10,0,0.6,126.2,51.9,627.2,91.9,6.83,1,8
raw,fixed_0.10,0,0.7,128.8,52.2,633.3,92.6,6.84,1,8
raw,fixed_0.10,1,0.5,93.0,49.2,547.6,87.4,6.27,2,9
raw,fixed_0.10,1,0.6,126.2,51.9,627.2,91.9,6.83,1,8
raw,fixed_0.10,1,0.7,128.8,52.2,633.3,92.6,6.84,1,8
raw,fixed_0.10,3,0.5,93.0,49.2,547.6,87.4,6.27,2,9
raw,fixed_0.10,3,0.6,126.2,51.9,627.2,91.9,6.83,1,8
raw,fixed_0.10,3,0.7,128.8,52.2,633.3,92.6,6.84,1,8
raw,fixed_0.10,5,0.5,93.0,49.2,547.6,87.4,6.27,2,9
raw,fixed_0.10,5,0.6,126.2,51.9,627.2,91.9,6.83,1,8
raw,fixed_0.10,5,0.7,128.8,52.2,633.3,92.6,6.84,1,8
raw,fixed_0.15,0,0.5,93.0,49.2,547.6,87.4,6.27,2,9
raw,fixed_0.15,0,0.6,126.2,51.9,627.2,91.9,6.83,1,8
raw,fixed_0.15,0,0.7,128.8,52.2,633.3,92.6,6.84,1,8
raw,fixed_0.15,1,0.5,93.0,49.2,547.6,87.4,6.27,2,9
raw,fixed_0.15,1,0.6,126.1,51.9,632.2,91.9,6.88,1,8
raw,fixed_0.15,1,0.7,128.6,52.3,638.3,92.6,6.89,1,8
raw,fixed_0.15,3,0.5,91.4,49.2,549.1,82.4,6.66,2,9
raw,fixed_0.15,3,0.6,118.5,51.4,610.1,91.9,6.64,1,9
raw,fixed_0.15,3,0.7,120.5,51.9,628.3,92.6,6.79,1,9
raw,fixed_0.15,5,0.5,88.0,49.3,546.2,78.1,6.99,2,8
raw,fixed_0.15,5,0.6,112.2,51.4,610.6,81.2,7.52,1,8
raw,fixed_0.15,5,0.7,114.1,51.9,626.8,81.9,7.65,1,8
raw,fixed_0.20,0,0.5,74.1,50.6,601.2,69.9,8.6,2,6
raw,fixed_0.20,0,0.6,85.9,51.7,631.1,83.9,7.52,1,7
raw,fixed_0.20,0,0.7,87.1,51.9,634.0,86.7,7.31,1,7
raw,fixed_0.20,1,0.5,74.1,50.6,601.2,69.9,8.6,2,6
raw,fixed_0.20,1,0.6,85.9,51.7,631.1,83.9,7.52,1,7
raw,fixed_0.20,1,0.7,87.1,51.9,634.0,86.7,7.31,1,7
raw,fixed_0.20,3,0.5,73.2,50.7,607.2,66.8,9.09,2,6
raw,fixed_0.20,3,0.6,85.0,51.8,637.1,78.9,8.07,1,7
raw,fixed_0.20,3,0.7,86.2,52.0,640.0,81.7,7.83,2,7
raw,fixed_0.20,5,0.5,72.1,50.1,571.6,66.8,8.56,2,6
raw,fixed_0.20,5,0.6,83.9,51.3,601.4,78.9,7.62,1,7
raw,fixed_0.20,5,0.7,85.1,51.5,604.4,81.7,7.4,2,7
raw,fixed_0.25,0,0.5,66.5,50.4,566.8,67.8,8.36,2,6
raw,fixed_0.25,0,0.6,76.9,51.4,588.6,85.8,6.86,2,7
raw,fixed_0.25,0,0.7,78.1,51.7,591.5,88.6,6.68,2,7
raw,fixed_0.25,1,0.5,58.9,51.6,591.7,57.2,10.35,1,8
raw,fixed_0.25,1,0.6,68.2,52.4,609.1,71.1,8.57,1,8
raw,fixed_0.25,1,0.7,69.5,52.7,612.1,73.9,8.28,1,8
raw,fixed_0.25,3,0.5,58.5,51.5,585.3,57.2,10.24,1,8
raw,fixed_0.25,3,0.6,67.6,52.5,612.7,71.1,8.62,1,8
raw,fixed_0.25,3,0.7,68.6,53.0,625.7,68.9,9.08,1,8
raw,fixed_0.25,5,0.5,53.8,50.9,544.5,51.8,10.51,1,8
raw,fixed_0.25,5,0.6,60.9,52.4,586.8,66.8,8.78,1,8
raw,fixed_0.25,5,0.7,61.5,52.6,592.2,64.6,9.16,1,8
raw,fixed_0.30,0,0.5,36.8,52.7,491.3,44.7,10.99,1,7
raw,fixed_0.30,0,0.6,38.4,53.1,498.3,44.1,11.29,1,7
raw,fixed_0.30,0,0.7,38.6,53.1,496.2,44.1,11.24,1,7
raw,fixed_0.30,1,0.5,34.6,52.7,471.1,51.1,9.21,1,7
raw,fixed_0.30,1,0.6,36.2,53.1,478.1,41.1,11.62,1,6
raw,fixed_0.30,1,0.7,36.5,53.1,476.0,41.1,11.57,1,6
raw,fixed_0.30,3,0.5,31.5,52.4,434.9,48.9,8.89,1,6
raw,fixed_0.30,3,0.6,33.1,52.8,441.9,37.0,11.96,1,5
raw,fixed_0.30,3,0.7,33.4,52.8,439.8,37.0,11.9,1,5
raw,fixed_0.30,5,0.5,27.9,52.5,403.8,44.0,9.17,1,8
raw,fixed_0.30,5,0.6,28.6,52.8,409.3,40.4,10.14,1,6
raw,fixed_0.30,5,0.7,28.9,52.8,407.2,40.4,10.09,1,6
raw,fixed_0.40,0,0.5,12.6,51.5,222.8,32.4,6.88,0,4
raw,fixed_0.40,0,0.6,12.6,51.5,222.8,32.4,6.88,0,4
raw,fixed_0.40,0,0.7,12.6,51.5,222.8,32.4,6.88,0,4
raw,fixed_0.40,1,0.5,12.1,50.5,209.3,32.4,6.46,0,4
raw,fixed_0.40,1,0.6,12.1,50.5,209.3,32.4,6.46,0,4
raw,fixed_0.40,1,0.7,12.1,50.5,209.3,32.4,6.46,0,4
raw,fixed_0.40,3,0.5,11.4,49.5,186.8,40.3,4.63,1,5
raw,fixed_0.40,3,0.6,11.4,49.5,186.8,40.3,4.63,1,5
raw,fixed_0.40,3,0.7,11.4,49.5,186.8,40.3,4.63,1,5
raw,fixed_0.40,5,0.5,10.9,48.3,175.1,40.3,4.34,1,5
raw,fixed_0.40,5,0.6,10.9,48.3,175.1,40.3,4.34,1,5
raw,fixed_0.40,5,0.7,10.9,48.3,175.1,40.3,4.34,1,5
raw,regime,0,0.5,93.0,49.2,547.6,87.4,6.27,2,9
raw,regime,0,0.6,126.2,51.9,627.2,91.9,6.83,1,8
raw,regime,0,0.7,128.8,52.2,633.3,92.6,6.84,1,8
raw,regime,1,0.5,85.9,49.9,574.8,69.2,8.31,1,8
raw,regime,1,0.6,118.0,52.5,655.1,80.1,8.18,1,8
raw,regime,1,0.7,120.5,52.9,661.3,79.6,8.31,1,8
raw,regime,3,0.5,83.9,49.9,569.9,73.7,7.73,1,9
raw,regime,3,0.6,109.8,52.1,636.6,102.5,6.21,1,9
raw,regime,3,0.7,111.5,52.7,664.9,99.7,6.67,1,9
raw,regime,5,0.5,76.1,49.6,533.0,79.6,6.69,1,8
raw,regime,5,0.6,97.1,52.1,618.0,97.7,6.32,1,8
raw,regime,5,0.7,98.4,52.6,636.6,94.9,6.71,1,8
raw,regime_x0.6,0,0.5,93.0,49.2,547.6,87.4,6.27,2,9
raw,regime_x0.6,0,0.6,126.2,51.9,627.2,91.9,6.83,1,8
raw,regime_x0.6,0,0.7,128.8,52.2,633.3,92.6,6.84,1,8
raw,regime_x0.6,1,0.5,93.0,49.2,547.6,87.4,6.27,2,9
raw,regime_x0.6,1,0.6,126.2,51.9,627.2,91.9,6.83,1,8
raw,regime_x0.6,1,0.7,128.8,52.2,633.3,92.6,6.84,1,8
raw,regime_x0.6,3,0.5,93.0,49.2,547.6,87.4,6.27,2,9
raw,regime_x0.6,3,0.6,126.2,51.9,627.2,91.9,6.83,1,8
raw,regime_x0.6,3,0.7,128.8,52.2,633.3,92.6,6.84,1,8
raw,regime_x0.6,5,0.5,93.0,49.2,547.6,87.4,6.27,2,9
raw,regime_x0.6,5,0.6,126.2,51.9,627.2,91.9,6.83,1,8
raw,regime_x0.6,5,0.7,128.8,52.2,633.3,92.6,6.84,1,8
raw,regime_x1.4,0,0.5,31.9,51.8,398.4,40.5,9.83,0,8
raw,regime_x1.4,0,0.6,33.5,52.6,413.4,44.3,9.33,0,8
raw,regime_x1.4,0,0.7,33.6,52.8,416.2,44.3,9.39,0,8
raw,regime_x1.4,1,0.5,28.9,52.4,391.5,35.5,11.02,0,7
raw,regime_x1.4,1,0.6,30.5,53.3,406.6,39.3,10.34,0,7
raw,regime_x1.4,1,0.7,30.6,53.5,409.4,39.3,10.41,0,7
raw,regime_x1.4,3,0.5,25.8,52.9,385.0,35.5,10.84,0,7
raw,regime_x1.4,3,0.6,26.2,53.3,391.2,35.5,11.01,0,7
raw,regime_x1.4,3,0.7,26.4,53.6,394.0,35.5,11.09,0,7
raw,regime_x1.4,5,0.5,23.4,55.1,411.7,31.5,13.09,0,6
raw,regime_x1.4,5,0.6,23.9,55.5,417.9,30.0,13.93,0,6
raw,regime_x1.4,5,0.7,24.0,55.7,420.7,30.0,14.02,0,6
pooled_platt,fixed_0.05,0,0.5,71.8,51.4,638.4,67.2,9.5,1,6
pooled_platt,fixed_0.05,0,0.6,92.6,53.4,701.4,81.9,8.56,1,7
pooled_platt,fixed_0.05,0,0.7,95.1,53.9,707.5,82.7,8.56,1,7
pooled_platt,fixed_0.05,1,0.5,71.8,51.4,638.4,67.2,9.5,1,6
pooled_platt,fixed_0.05,1,0.6,92.6,53.4,701.4,81.9,8.56,1,7
pooled_platt,fixed_0.05,1,0.7,95.1,53.9,707.5,82.7,8.56,1,7
pooled_platt,fixed_0.05,3,0.5,65.9,52.4,651.0,62.2,10.47,1,9
pooled_platt,fixed_0.05,3,0.6,86.8,54.3,713.9,71.5,9.98,1,8
pooled_platt,fixed_0.05,3,0.7,89.2,54.8,720.0,72.3,9.97,1,6
pooled_platt,fixed_0.05,5,0.5,65.2,52.3,642.3,62.2,10.33,1,9
pooled_platt,fixed_0.05,5,0.6,84.2,54.3,705.1,71.5,9.86,1,8
pooled_platt,fixed_0.05,5,0.7,86.8,54.8,711.2,72.3,9.84,1,6
pooled_platt,fixed_0.10,0,0.5,53.1,52.9,574.4,69.2,8.3,1,9
pooled_platt,fixed_0.10,0,0.6,65.2,54.2,614.4,70.7,8.69,1,9
pooled_platt,fixed_0.10,0,0.7,66.9,54.8,623.8,71.4,8.74,1,6
pooled_platt,fixed_0.10,1,0.5,53.1,52.9,574.4,69.2,8.3,1,9
pooled_platt,fixed_0.10,1,0.6,65.2,54.2,614.4,70.7,8.69,1,9
pooled_platt,fixed_0.10,1,0.7,66.9,54.8,623.8,71.4,8.74,1,6
pooled_platt,fixed_0.10,3,0.5,49.2,53.8,586.7,61.7,9.51,1,9
pooled_platt,fixed_0.10,3,0.6,60.2,54.8,617.8,80.4,7.69,1,9
pooled_platt,fixed_0.10,3,0.7,61.9,55.4,627.3,81.1,7.74,1,6
pooled_platt,fixed_0.10,5,0.5,43.9,53.6,506.5,49.9,10.15,1,8
pooled_platt,fixed_0.10,5,0.6,54.5,54.4,527.5,60.4,8.74,1,8
pooled_platt,fixed_0.10,5,0.7,56.1,55.0,537.0,61.1,8.79,1,6
pooled_platt,fixed_0.15,0,0.5,25.8,55.8,427.5,30.3,14.09,0,6
pooled_platt,fixed_0.15,0,0.6,33.2,57.1,463.2,33.0,14.03,1,5
pooled_platt,fixed_0.15,0,0.7,34.5,57.6,466.2,29.8,15.64,1,5
pooled_platt,fixed_0.15,1,0.5,25.8,55.8,427.5,30.3,14.09,0,6
pooled_platt,fixed_0.15,1,0.6,33.2,57.1,463.2,33.0,14.03,1,5
pooled_platt,fixed_0.15,1,0.7,34.5,57.6,466.2,29.8,15.64,1,5
pooled_platt,fixed_0.15,3,0.5,24.2,55.2,396.3,25.3,15.64,0,5
pooled_platt,fixed_0.15,3,0.6,31.8,56.7,432.0,33.0,13.08,1,4
pooled_platt,fixed_0.15,3,0.7,33.0,57.2,435.0,25.9,16.79,1,4
pooled_platt,fixed_0.15,5,0.5,23.0,54.9,383.5,20.6,18.61,0,4
pooled_platt,fixed_0.15,5,0.6,30.5,56.6,419.2,33.0,12.69,1,4
pooled_platt,fixed_0.15,5,0.7,31.8,57.1,422.1,25.9,16.29,1,4
pooled_platt,fixed_0.20,0,0.5,15.8,51.6,236.9,27.7,8.54,1,4
pooled_platt,fixed_0.20,0,0.6,17.8,52.8,246.5,20.0,12.33,1,4
pooled_platt,fixed_0.20,0,0.7,18.6,54.4,256.5,20.0,12.83,1,4
pooled_platt,fixed_0.20,1,0.5,15.8,51.6,236.9,27.7,8.54,1,4
pooled_platt,fixed_0.20,1,0.6,17.8,52.8,246.5,20.0,12.33,1,4
pooled_platt,fixed_0.20,1,0.7,18.6,54.4,256.5,20.0,12.83,1,4
pooled_platt,fixed_0.20,3,0.5,14.0,52.7,226.3,25.7,8.81,0,4
pooled_platt,fixed_0.20,3,0.6,15.4,53.7,234.2,15.9,14.76,0,3
pooled_platt,fixed_0.20,3,0.7,16.2,55.4,244.2,15.9,15.39,0,3
pooled_platt,fixed_0.20,5,0.5,12.9,54.4,234.4,25.7,9.13,1,4
pooled_platt,fixed_0.20,5,0.6,13.5,54.6,235.4,22.0,10.69,1,4
pooled_platt,fixed_0.20,5,0.7,14.1,55.8,240.2,20.0,12.01,0,4
pooled_platt,fixed_0.25,0,0.5,8.6,55.1,188.8,25.0,7.55,0,5
pooled_platt,fixed_0.25,0,0.6,8.9,56.3,195.7,21.8,8.99,0,4
pooled_platt,fixed_0.25,0,0.7,9.1,56.2,193.6,21.8,8.9,0,4
pooled_platt,fixed_0.25,1,0.5,8.6,55.1,188.8,25.0,7.55,0,5
pooled_platt,fixed_0.25,1,0.6,8.9,56.3,195.7,21.8,8.99,0,4
pooled_platt,fixed_0.25,1,0.7,9.1,56.2,193.6,21.8,8.9,0,4
pooled_platt,fixed_0.25,3,0.5,8.6,55.1,188.8,25.0,7.55,0,5
pooled_platt,fixed_0.25,3,0.6,8.9,56.3,195.7,21.8,8.99,0,4
pooled_platt,fixed_0.25,3,0.7,9.1,56.2,193.6,21.8,8.9,0,4
pooled_platt,fixed_0.25,5,0.5,8.0,53.1,169.4,25.0,6.78,0,5
pooled_platt,fixed_0.25,5,0.6,8.2,54.5,176.3,21.8,8.1,0,4
pooled_platt,fixed_0.25,5,0.7,8.5,54.4,174.1,21.8,8.0,0,4
pooled_platt,fixed_0.30,0,0.5,6.4,54.9,155.7,25.0,6.23,0,5
pooled_platt,fixed_0.30,0,0.6,6.6,56.6,162.6,21.8,7.47,0,4
pooled_platt,fixed_0.30,0,0.7,6.8,57.4,165.5,21.8,7.6,0,4
pooled_platt,fixed_0.30,1,0.5,6.1,53.1,146.0,25.0,5.84,1,5
pooled_platt,fixed_0.30,1,0.6,6.4,54.9,152.9,21.8,7.03,1,4
pooled_platt,fixed_0.30,1,0.7,6.5,55.8,155.8,21.8,7.16,1,4
pooled_platt,fixed_0.30,3,0.5,5.9,53.2,141.9,25.0,5.68,1,5
pooled_platt,fixed_0.30,3,0.6,6.1,55.1,148.8,21.8,6.84,1,4
pooled_platt,fixed_0.30,3,0.7,6.2,56.0,151.7,21.8,6.97,1,4
pooled_platt,fixed_0.30,5,0.5,5.9,53.2,141.9,25.0,5.68,1,5
pooled_platt,fixed_0.30,5,0.6,6.0,54.2,145.6,25.0,5.82,1,5
pooled_platt,fixed_0.30,5,0.7,6.1,55.1,148.5,25.0,5.94,1,5
pooled_platt,fixed_0.40,0,0.5,4.0,53.1,105.1,16.7,6.29,2,3
pooled_platt,fixed_0.40,0,0.6,4.0,53.1,105.1,16.7,6.29,2,3
pooled_platt,fixed_0.40,0,0.7,4.0,53.1,105.1,16.7,6.29,2,3
pooled_platt,fixed_0.40,1,0.5,4.0,53.1,105.1,16.7,6.29,2,3
pooled_platt,fixed_0.40,1,0.6,4.0,53.1,105.1,16.7,6.29,2,3
pooled_platt,fixed_0.40,1,0.7,4.0,53.1,105.1,16.7,6.29,2,3
pooled_platt,fixed_0.40,3,0.5,3.8,53.3,98.7,16.7,5.9,2,3
pooled_platt,fixed_0.40,3,0.6,3.8,53.3,98.7,16.7,5.9,2,3
pooled_platt,fixed_0.40,3,0.7,3.8,53.3,98.7,16.7,5.9,2,3
pooled_platt,fixed_0.40,5,0.5,3.6,55.2,103.7,15.0,6.91,2,3
pooled_platt,fixed_0.40,5,0.6,3.6,55.2,103.7,15.0,6.91,2,3
pooled_platt,fixed_0.40,5,0.7,3.6,55.2,103.7,15.0,6.91,2,3
pooled_platt,regime,0,0.5,9.5,55.3,209.7,30.3,6.91,0,5
pooled_platt,regime,0,0.6,9.8,56.4,216.6,26.7,8.12,0,4
pooled_platt,regime,0,0.7,10.0,56.2,214.5,26.7,8.04,0,4
pooled_platt,regime,1,0.5,9.5,55.3,209.7,30.3,6.91,0,5
pooled_platt,regime,1,0.6,9.8,56.4,216.6,26.7,8.12,0,4
pooled_platt,regime,1,0.7,10.0,56.2,214.5,26.7,8.04,0,4
pooled_platt,regime,3,0.5,9.5,55.3,209.7,30.3,6.91,0,5
pooled_platt,regime,3,0.6,9.8,56.4,216.6,26.7,8.12,0,4
pooled_platt,regime,3,0.7,10.0,56.2,214.5,26.7,8.04,0,4
pooled_platt,regime,5,0.5,8.9,53.5,190.3,30.3,6.27,0,5
pooled_platt,regime,5,0.6,9.1,54.8,197.2,26.7,7.39,0,4
pooled_platt,regime,5,0.7,9.4,54.7,195.0,26.7,7.31,0,4
pooled_platt,regime_x0.6,0,0.5,28.6,56.3,474.6,30.3,15.64,1,6
pooled_platt,regime_x0.6,0,0.6,37.9,58.1,528.6,33.0,16.01,1,5
pooled_platt,regime_x0.6,0,0.7,39.6,59.0,540.9,29.8,18.15,1,5
pooled_platt,regime_x0.6,1,0.5,28.4,56.8,484.6,30.3,15.97,0,6
pooled_platt,regime_x0.6,1,0.6,37.6,58.5,538.6,33.0,16.31,0,5
pooled_platt,regime_x0.6,1,0.7,39.4,59.4,550.9,29.8,18.49,1,5
pooled_platt,regime_x0.6,3,0.5,26.9,56.3,453.4,25.3,17.9,0,5
pooled_platt,regime_x0.6,3,0.6,36.1,58.1,507.4,33.0,15.37,0,4
pooled_platt,regime_x0.6,3,0.7,37.9,59.1,519.7,25.9,20.06,1,4
pooled_platt,regime_x0.6,5,0.5,25.4,56.2,440.7,25.0,17.63,0,5
pooled_platt,regime_x0.6,5,0.6,34.6,58.1,494.7,33.0,14.98,0,4
pooled_platt,regime_x0.6,5,0.7,36.2,59.0,504.2,25.9,19.46,1,4
pooled_platt,regime_x1.4,0,0.5,6.0,52.1,140.1,20.3,6.89,0,4
pooled_platt,regime_x1.4,0,0.6,6.0,52.1,140.1,20.3,6.89,0,4
pooled_platt,regime_x1.4,0,0.7,6.0,52.1,140.1,20.3,6.89,0,4
pooled_platt,regime_x1.4,1,0.5,6.0,52.1,140.1,20.3,6.89,0,4
pooled_platt,regime_x1.4,1,0.6,6.0,52.1,140.1,20.3,6.89,0,4
pooled_platt,regime_x1.4,1,0.7,6.0,52.1,140.1,20.3,6.89,0,4
pooled_platt,regime_x1.4,3,0.5,6.0,52.1,140.1,20.3,6.89,0,4
pooled_platt,regime_x1.4,3,0.6,6.0,52.1,140.1,20.3,6.89,0,4
pooled_platt,regime_x1.4,3,0.7,6.0,52.1,140.1,20.3,6.89,0,4
pooled_platt,regime_x1.4,5,0.5,5.1,53.7,127.5,20.3,6.27,1,3
pooled_platt,regime_x1.4,5,0.6,5.1,53.7,127.5,20.3,6.27,1,3
pooled_platt,regime_x1.4,5,0.7,5.1,53.7,127.5,20.3,6.27,1,3
walkfwd_platt,fixed_0.05,0,0.5,63.4,50.7,507.4,69.9,7.26,1,7
walkfwd_platt,fixed_0.05,0,0.6,91.8,54.0,604.5,77.9,7.76,1,7
walkfwd_platt,fixed_0.05,0,0.7,94.2,54.4,610.6,78.6,7.77,1,7
walkfwd_platt,fixed_0.05,1,0.5,63.4,50.7,507.4,69.9,7.26,1,7
walkfwd_platt,fixed_0.05,1,0.6,91.5,54.0,605.0,77.9,7.77,1,7
walkfwd_platt,fixed_0.05,1,0.7,94.0,54.4,611.2,78.6,7.77,1,7
walkfwd_platt,fixed_0.05,3,0.5,61.8,50.4,477.3,69.9,6.83,1,7
walkfwd_platt,fixed_0.05,3,0.6,89.0,53.7,567.3,77.9,7.28,1,7
walkfwd_platt,fixed_0.05,3,0.7,91.5,54.1,573.5,78.6,7.3,1,7
walkfwd_platt,fixed_0.05,5,0.5,61.1,50.5,480.1,64.9,7.4,1,7
walkfwd_platt,fixed_0.05,5,0.6,87.9,53.6,563.7,73.5,7.67,1,7
walkfwd_platt,fixed_0.05,5,0.7,90.4,54.1,569.8,74.2,7.68,1,7
walkfwd_platt,fixed_0.10,0,0.5,49.5,51.0,416.4,57.4,7.26,1,9
walkfwd_platt,fixed_0.10,0,0.6,68.8,53.6,475.4,71.4,6.66,1,9
walkfwd_platt,fixed_0.10,0,0.7,71.2,54.2,481.5,72.1,6.68,1,7
walkfwd_platt,fixed_0.10,1,0.5,48.9,50.9,410.4,57.4,7.15,1,9
walkfwd_platt,fixed_0.10,1,0.6,68.1,53.6,469.3,71.4,6.58,1,9
walkfwd_platt,fixed_0.10,1,0.7,70.6,54.2,475.4,72.1,6.6,1,7
walkfwd_platt,fixed_0.10,3,0.5,48.0,50.5,388.8,57.4,6.78,1,9
walkfwd_platt,fixed_0.10,3,0.6,66.8,53.4,451.6,71.4,6.33,2,9
walkfwd_platt,fixed_0.10,3,0.7,69.2,54.0,457.7,72.1,6.35,2,7
walkfwd_platt,fixed_0.10,5,0.5,45.4,51.2,402.3,52.4,7.68,1,9
walkfwd_platt,fixed_0.10,5,0.6,64.1,54.0,465.0,69.4,6.7,1,9
walkfwd_platt,fixed_0.10,5,0.7,66.6,54.6,471.1,70.1,6.72,1,7
walkfwd_platt,fixed_0.15,0,0.5,35.5,52.5,371.6,41.7,8.9,1,7
walkfwd_platt,fixed_0.15,0,0.6,49.9,55.1,435.2,53.0,8.22,1,7
walkfwd_platt,fixed_0.15,0,0.7,51.8,55.6,436.0,50.1,8.7,1,7
walkfwd_platt,fixed_0.15,1,0.5,34.6,51.6,342.4,41.7,8.2,1,7
walkfwd_platt,fixed_0.15,1,0.6,48.8,54.6,406.6,53.0,7.68,1,7
walkfwd_platt,fixed_0.15,1,0.7,50.6,55.1,407.4,50.1,8.13,1,7
walkfwd_platt,fixed_0.15,3,0.5,34.1,51.6,341.9,41.7,8.19,1,7
walkfwd_platt,fixed_0.15,3,0.6,46.9,54.4,400.6,51.5,7.78,1,6
walkfwd_platt,fixed_0.15,3,0.7,48.4,55.0,408.5,48.6,8.4,1,6
walkfwd_platt,fixed_0.15,5,0.5,32.2,52.3,344.3,41.7,8.25,1,7
walkfwd_platt,fixed_0.15,5,0.6,44.5,54.5,386.2,51.5,7.5,1,6
walkfwd_platt,fixed_0.15,5,0.7,45.9,55.0,392.1,48.6,8.06,1,6
walkfwd_platt,fixed_0.20,0,0.5,23.8,53.7,318.2,31.3,10.15,0,5
walkfwd_platt,fixed_0.20,0,0.6,32.0,55.1,342.4,37.2,9.21,0,5
walkfwd_platt,fixed_0.20,0,0.7,33.1,55.8,350.4,34.8,10.07,0,5
walkfwd_platt,fixed_0.20,1,0.5,23.1,53.0,284.9,31.3,9.09,0,5
walkfwd_platt,fixed_0.20,1,0.6,31.4,54.6,309.1,37.2,8.31,0,5
walkfwd_platt,fixed_0.20,1,0.7,32.5,55.4,317.1,34.8,9.11,0,5
walkfwd_platt,fixed_0.20,3,0.5,22.6,51.9,253.8,31.3,8.1,1,5
walkfwd_platt,fixed_0.20,3,0.6,30.4,53.5,270.8,37.2,7.28,2,5
walkfwd_platt,fixed_0.20,3,0.7,31.5,54.4,278.8,34.8,8.01,1,5
walkfwd_platt,fixed_0.20,5,0.5,21.4,52.0,252.7,31.3,8.06,1,5
walkfwd_platt,fixed_0.20,5,0.6,29.0,53.9,274.7,37.2,7.38,1,5
walkfwd_platt,fixed_0.20,5,0.7,30.1,54.8,282.7,34.8,8.12,1,5
walkfwd_platt,fixed_0.25,0,0.5,16.1,55.0,252.1,30.0,8.4,0,6
walkfwd_platt,fixed_0.25,0,0.6,20.9,56.3,269.3,30.2,8.91,0,4
walkfwd_platt,fixed_0.25,0,0.7,21.5,56.4,266.8,30.2,8.83,0,4
walkfwd_platt,fixed_0.25,1,0.5,14.9,57.1,269.7,30.0,8.99,0,6
walkfwd_platt,fixed_0.25,1,0.6,19.6,58.0,286.9,31.5,9.11,0,4
walkfwd_platt,fixed_0.25,1,0.7,20.2,58.0,284.4,30.2,9.41,0,4
walkfwd_platt,fixed_0.25,3,0.5,14.2,57.9,267.8,30.0,8.93,0,6
walkfwd_platt,fixed_0.25,3,0.6,18.6,59.7,300.0,31.5,9.53,0,4
walkfwd_platt,fixed_0.25,3,0.7,19.1,60.1,302.5,30.2,10.01,0,4
walkfwd_platt,fixed_0.25,5,0.5,13.8,57.3,257.7,32.0,8.06,0,6
walkfwd_platt,fixed_0.25,5,0.6,17.5,60.0,296.2,30.2,9.81,0,4
walkfwd_platt,fixed_0.25,5,0.7,17.8,59.9,294.1,30.2,9.73,0,4
walkfwd_platt,fixed_0.30,0,0.5,9.5,57.9,211.1,20.1,10.48,0,4
walkfwd_platt,fixed_0.30,0,0.6,10.6,60.0,229.0,21.9,10.45,0,3
walkfwd_platt,fixed_0.30,0,0.7,10.8,60.5,231.8,21.9,10.58,0,3
walkfwd_platt,fixed_0.30,1,0.5,9.1,57.5,202.6,20.1,10.06,0,4
walkfwd_platt,fixed_0.30,1,0.6,10.0,58.8,212.3,21.9,9.69,0,3
walkfwd_platt,fixed_0.30,1,0.7,10.1,59.3,215.1,21.9,9.82,0,3
walkfwd_platt,fixed_0.30,3,0.5,8.4,58.2,197.1,20.1,9.78,0,4
walkfwd_platt,fixed_0.30,3,0.6,9.1,58.9,202.6,21.9,9.25,1,3
walkfwd_platt,fixed_0.30,3,0.7,9.2,59.5,205.5,21.9,9.38,1,3
walkfwd_platt,fixed_0.30,5,0.5,7.6,57.4,175.2,20.1,8.69,0,4
walkfwd_platt,fixed_0.30,5,0.6,8.0,59.4,186.5,16.9,11.03,0,3
walkfwd_platt,fixed_0.30,5,0.7,8.1,60.0,189.4,16.9,11.2,0,3
walkfwd_platt,fixed_0.40,0,0.5,4.5,58.3,129.4,15.0,8.63,1,3
walkfwd_platt,fixed_0.40,0,0.6,4.5,58.3,129.4,15.0,8.63,1,3
walkfwd_platt,fixed_0.40,0,0.7,4.5,58.3,129.4,15.0,8.63,1,3
walkfwd_platt,fixed_0.40,1,0.5,4.5,58.3,129.4,15.0,8.63,1,3
walkfwd_platt,fixed_0.40,1,0.6,4.5,58.3,129.4,15.0,8.63,1,3
walkfwd_platt,fixed_0.40,1,0.7,4.5,58.3,129.4,15.0,8.63,1,3
walkfwd_platt,fixed_0.40,3,0.5,4.5,58.3,129.4,15.0,8.63,1,3
walkfwd_platt,fixed_0.40,3,0.6,4.5,58.3,129.4,15.0,8.63,1,3
walkfwd_platt,fixed_0.40,3,0.7,4.5,58.3,129.4,15.0,8.63,1,3
walkfwd_platt,fixed_0.40,5,0.5,4.2,55.9,111.9,15.0,7.46,2,3
walkfwd_platt,fixed_0.40,5,0.6,4.2,55.9,111.9,15.0,7.46,2,3
walkfwd_platt,fixed_0.40,5,0.7,4.2,55.9,111.9,15.0,7.46,2,3
walkfwd_platt,regime,0,0.5,20.0,50.6,209.7,45.0,4.66,0,9
walkfwd_platt,regime,0,0.6,28.9,55.0,263.6,53.0,4.98,0,7
walkfwd_platt,regime,0,0.7,30.1,55.2,259.0,50.1,5.17,0,7
walkfwd_platt,regime,1,0.5,18.8,52.0,227.3,47.0,4.83,0,9
walkfwd_platt,regime,1,0.6,27.6,56.1,281.2,58.0,4.85,0,7
walkfwd_platt,regime,1,0.7,28.9,56.3,276.6,55.1,5.02,0,7
walkfwd_platt,regime,3,0.5,18.1,52.4,225.4,47.0,4.79,0,9
walkfwd_platt,regime,3,0.6,25.6,56.6,283.1,56.5,5.01,0,6
walkfwd_platt,regime,3,0.7,26.4,57.3,290.7,53.6,5.42,0,6
walkfwd_platt,regime,5,0.5,17.5,52.1,220.2,57.1,3.86,0,10
walkfwd_platt,regime,5,0.6,24.2,56.7,280.1,56.0,5.0,0,5
walkfwd_platt,regime,5,0.7,24.6,56.9,280.9,53.2,5.28,0,5
walkfwd_platt,regime_x0.6,0,0.5,38.1,52.8,397.7,43.3,9.18,1,7
walkfwd_platt,regime_x0.6,0,0.6,58.9,55.6,469.4,53.0,8.86,1,7
walkfwd_platt,regime_x0.6,0,0.7,61.4,56.2,475.5,50.1,9.49,1,7
walkfwd_platt,regime_x0.6,1,0.5,37.1,52.2,373.5,41.7,8.95,1,7
walkfwd_platt,regime_x0.6,1,0.6,57.4,55.1,438.5,53.0,8.28,1,7
walkfwd_platt,regime_x0.6,1,0.7,59.9,55.7,444.6,50.1,8.87,1,7
walkfwd_platt,regime_x0.6,3,0.5,35.9,51.9,354.7,41.7,8.5,1,7
walkfwd_platt,regime_x0.6,3,0.6,54.9,55.1,423.2,53.0,7.99,1,7
walkfwd_platt,regime_x0.6,3,0.7,57.4,55.8,429.3,50.1,8.57,1,7
walkfwd_platt,regime_x0.6,5,0.5,33.6,52.4,352.3,41.7,8.44,1,7
walkfwd_platt,regime_x0.6,5,0.6,51.8,55.3,410.1,53.0,7.74,1,7
walkfwd_platt,regime_x0.6,5,0.7,54.2,56.0,416.2,50.1,8.3,1,7
walkfwd_platt,regime_x1.4,0,0.5,7.4,49.2,115.4,20.0,5.77,0,4
walkfwd_platt,regime_x1.4,0,0.6,7.6,50.8,122.3,16.8,7.3,0,3
walkfwd_platt,regime_x1.4,0,0.7,7.8,51.6,125.2,16.8,7.47,0,3
walkfwd_platt,regime_x1.4,1,0.5,6.9,49.1,115.5,20.0,5.77,0,4
walkfwd_platt,regime_x1.4,1,0.6,7.1,50.9,122.4,16.8,7.3,0,3
walkfwd_platt,regime_x1.4,1,0.7,7.2,51.7,125.2,16.8,7.47,0,3
walkfwd_platt,regime_x1.4,3,0.5,6.2,50.0,112.9,15.5,7.27,0,3
walkfwd_platt,regime_x1.4,3,0.6,6.5,51.9,119.8,15.5,7.71,0,3
walkfwd_platt,regime_x1.4,3,0.7,6.6,52.8,122.6,15.5,7.9,0,3
walkfwd_platt,regime_x1.4,5,0.5,5.5,54.5,127.0,15.0,8.47,1,3
walkfwd_platt,regime_x1.4,5,0.6,5.8,56.5,133.9,11.8,11.38,1,2
walkfwd_platt,regime_x1.4,5,0.7,5.9,57.4,136.8,11.8,11.63,1,2
