epoch,sec,kind,direction,quote,correct,actual
1789995000,238.7,MAIN,DOWN,0.8,0,UP
1789995300,193.3,MAIN,UP,0.87,1,UP
1789995600,202.3,EF,DOWN,0.57,1,DOWN
1789995600,216.5,MAIN,DOWN,0.75,1,DOWN
1789995900,24.2,EF,DOWN,0.38,0,UP
1789995900,18.0,MAIN,UP,0.69,1,UP
1789996200,45.9,EF,DOWN,0.6,1,DOWN
1789996500,15.3,EF,DOWN,0.41,0,UP
1789996500,57.5,MAIN,DOWN,0.63,0,UP
1789996500,244.9,REVERSAL,UP,0.6329102215189873,1,UP
1789996800,17.2,EF,DOWN,0.56,1,DOWN
1789997100,27.8,EF,DOWN,0.59,1,DOWN
1789997100,104.2,MAIN,DOWN,0.63,1,DOWN
1789997400,17.3,EF,DOWN,0.46,0,UP
1789997700,16.3,EF,UP,0.59,0,DOWN
1789998000,15.4,EF,UP,0.56,1,UP
1789998300,24.6,EF,UP,0.55,1,UP
1789998300,46.6,MAIN,UP,0.74,1,UP
1789998600,17.5,EF,UP,0.75,0,DOWN
1789998900,15.4,EF,DOWN,0.57,0,UP
1789999200,15.1,EF,UP,0.55,0,DOWN
1789999500,17.1,EF,DOWN,0.64,1,DOWN
1789999800,15.1,EF,UP,0.61,1,UP
1790000100,28.0,EF,UP,0.47,1,UP
1790000400,22.9,EF,UP,0.53,1,UP
1790000400,153.9,MAIN,UP,0.9,1,UP
1790000700,21.5,EF,DOWN,0.51,0,UP
1790001000,84.1,EF,DOWN,0.7,0,UP
1790001300,15.3,EF,UP,0.5,0,DOWN
1790001600,63.4,EF,DOWN,0.63,1,DOWN
1790001900,29.2,EF,UP,0.37,1,UP
1790001900,14.9,MAIN,DOWN,0.57,0,UP
1790001900,130.0,REVERSAL,UP,0.65,1,UP
1790002200,15.2,EF,UP,0.6,1,UP
1790002500,36.5,EF,UP,0.44,0,DOWN
1790002800,16.8,EF,UP,0.45,1,UP
1790002800,38.5,MAIN,UP,0.72,1,UP
1790003100,15.2,EF,UP,0.54,1,UP
1790003400,15.2,EF,UP,0.42,0,DOWN
1790004000,19.3,EF,DOWN,0.64,1,DOWN
1790004300,15.0,EF,DOWN,0.41,1,DOWN
1790004600,48.1,EF,DOWN,0.48,0,UP
1790004900,15.2,EF,DOWN,0.59,0,UP
1790005200,15.4,EF,UP,0.52,1,UP
1790005500,15.0,EF,UP,0.52,0,DOWN
1790005800,15.0,EF,DOWN,0.47,1,DOWN
1790006100,15.4,EF,DOWN,0.55,1,DOWN
1790006400,18.9,EF,DOWN,0.41,1,DOWN
1790006400,226.9,MAIN,DOWN,0.81,1,DOWN
1790006700,15.4,EF,DOWN,0.58,1,DOWN
1790006700,256.9,MAIN,DOWN,0.85,1,DOWN
1790007000,15.2,EF,UP,0.59,0,DOWN
1790007300,15.5,EF,UP,0.58,1,UP
1790007600,15.1,EF,UP,0.42,1,UP
1790007900,22.8,EF,UP,0.44,1,UP
1790008200,39.0,EF,DOWN,0.36,1,DOWN
1790008500,15.3,EF,DOWN,0.4,1,DOWN
1790008800,18.0,EF,DOWN,0.42,0,UP
1790009100,15.1,EF,UP,0.5,1,UP
1790009400,30.8,EF,UP,0.43,1,UP
1790009700,53.4,EF,UP,0.68,0,DOWN
1790010000,34.5,EF,DOWN,0.43,1,DOWN
1790010600,15.4,EF,DOWN,0.5,1,DOWN
1790010900,22.2,EF,DOWN,0.38,1,DOWN
1790010900,282.1,MAIN,DOWN,,1,DOWN
1790011200,61.8,EF,UP,0.59,1,UP
1790011200,209.8,MAIN,UP,0.87,1,UP
1790011500,15.3,EF,DOWN,0.48,0,UP
1790011800,17.9,EF,DOWN,0.48,1,DOWN
1790012100,15.0,EF,DOWN,0.51,0,UP
1790012400,15.4,EF,DOWN,0.34,1,DOWN
1790012700,17.1,EF,DOWN,0.5,1,DOWN
1790012700,107.3,MAIN,DOWN,0.79,1,DOWN
1790013000,32.9,EF,UP,0.55,0,DOWN
1790013300,32.1,EF,DOWN,0.49,0,UP
1790013300,180.1,MAIN,UP,0.96,1,UP
1790013600,22.1,EF,UP,0.49,1,UP
1790013600,50.9,MAIN,DOWN,0.71,0,UP
1790013600,238.4,REVERSAL,UP,0.6892135915638569,1,UP
1790013900,15.0,EF,UP,0.44,0,DOWN
1790014200,27.0,EF,UP,0.59,1,UP
1790014200,114.3,MAIN,UP,0.77,1,UP
1790014500,182.8,EF,UP,0.62,1,UP
1790014500,35.5,MAIN,UP,0.75,1,UP
1790014800,16.3,EF,UP,0.5,0,DOWN
1790015100,15.2,EF,DOWN,0.34,1,DOWN
1790015400,262.9,MAIN,DOWN,0.93,1,DOWN
1790015700,262.4,MAIN,UP,0.9,1,UP
1790016000,137.9,EF,UP,0.4465732942554134,0,DOWN
1790016000,283.8,MAIN,DOWN,0.96,1,DOWN
1790016300,15.3,EF,DOWN,0.36938435940099834,0,UP
1790016300,155.4,MAIN,UP,0.73,1,UP
1790016600,15.0,EF,UP,0.42115572967678744,1,UP
1790016600,205.7,MAIN,UP,0.89,1,UP
1790016900,21.2,EF,DOWN,0.44,0,UP
1790017200,15.1,EF,UP,0.54,0,DOWN
1790017200,43.8,MAIN,UP,0.58,0,DOWN
1790017200,149.8,REVERSAL,DOWN,0.67,1,DOWN
1790017500,25.9,EF,DOWN,0.43,0,UP
1790017500,80.0,MAIN,DOWN,0.7,0,UP
1790017500,104.7,REVERSAL,UP,0.648702590494313,1,UP
1790017800,15.6,EF,DOWN,0.55,0,UP
1790018100,37.5,EF,UP,0.48,1,UP
1790018100,102.1,MAIN,UP,0.68,1,UP
1790018400,15.1,EF,UP,0.72,0,DOWN
1790018400,106.8,MAIN,UP,0.81,0,DOWN
1790018400,152.5,REVERSAL,DOWN,0.6689104543601656,1,DOWN
1790018700,19.4,EF,DOWN,0.49,0,UP
1790018700,133.9,MAIN,UP,0.73,1,UP
1790019000,16.4,EF,UP,0.42,1,UP
1790019000,111.7,MAIN,UP,0.7,1,UP
1790019300,15.4,EF,UP,0.52,0,DOWN
1790019600,19.3,EF,DOWN,0.4,1,DOWN
1790019600,66.6,MAIN,UP,0.59,0,DOWN
1790019600,115.5,REVERSAL,DOWN,0.74,1,DOWN
1790019900,15.3,EF,UP,0.49,0,DOWN
1790019900,108.6,MAIN,DOWN,0.75,1,DOWN
1790020200,37.7,EF,UP,0.6,0,DOWN
1790020200,187.4,MAIN,DOWN,0.69,1,DOWN
1790020800,15.3,EF,DOWN,0.27,0,UP
1790020800,61.1,MAIN,UP,0.74,1,UP
1790021100,54.9,EF,UP,0.46,1,UP
1790021400,26.8,EF,DOWN,0.45,0,UP
1790021400,110.1,MAIN,UP,0.85,1,UP
1790021700,17.2,EF,DOWN,0.57,0,UP
1790022000,15.1,EF,UP,0.43,0,DOWN
1790022300,15.7,EF,DOWN,0.59,0,UP
1790022600,15.6,EF,DOWN,0.67,1,DOWN
1790022900,63.0,EF,DOWN,0.63,1,DOWN
1790023200,15.4,EF,DOWN,0.56,0,UP
1790023500,15.4,EF,UP,0.57,0,DOWN
1790023500,163.8,MAIN,DOWN,0.66,1,DOWN
1790023800,21.0,EF,DOWN,0.42,0,UP
1790024100,16.2,EF,DOWN,0.47,0,UP
1790024700,15.3,EF,DOWN,0.64,1,DOWN
1790025000,15.2,EF,DOWN,0.56,1,DOWN
1790025300,16.3,EF,DOWN,0.51,0,UP
1790025600,15.8,EF,DOWN,0.6,0,UP
1790025900,43.0,EF,UP,0.42,0,DOWN
1790026500,15.4,EF,UP,0.44,0,DOWN
1790026500,79.3,MAIN,DOWN,0.77,1,DOWN
1790026800,56.8,EF,DOWN,0.6,1,DOWN
1790026800,15.8,MAIN,DOWN,0.67,1,DOWN
1790026800,121.6,REVERSAL,UP,0.7117906375305478,0,DOWN
1790027100,22.4,EF,DOWN,0.5,1,DOWN
1790027100,64.0,MAIN,DOWN,0.65,1,DOWN
1790027400,15.3,EF,DOWN,0.49,1,DOWN
1790027700,21.4,EF,DOWN,0.5,1,DOWN
1790028000,41.3,EF,DOWN,0.32,0,UP
1790028000,24.0,MAIN,UP,0.72,1,UP
1790028300,26.4,MAIN,DOWN,0.76,1,DOWN
1790028600,15.2,EF,DOWN,0.52,0,UP
1790028600,210.6,MAIN,UP,0.89,1,UP
1790028900,15.1,EF,DOWN,0.47,0,UP
1790028900,167.3,MAIN,UP,0.94,1,UP
1790029200,16.9,EF,DOWN,0.56,1,DOWN
1790029200,105.1,MAIN,DOWN,0.71,1,DOWN
1790029500,24.4,EF,DOWN,0.54,1,DOWN
1790029500,105.6,MAIN,DOWN,0.74,1,DOWN
1790029800,16.9,EF,UP,0.51,1,UP
1790029800,256.2,MAIN,UP,0.98,1,UP
1790030100,15.4,EF,UP,0.37,0,DOWN
1790030100,26.0,MAIN,DOWN,0.65,1,DOWN
1790030100,156.9,REVERSAL,UP,0.6975237740937943,0,DOWN
1790030400,51.2,EF,DOWN,0.58,1,DOWN
1790030400,225.1,MAIN,DOWN,0.96,1,DOWN
1790030700,122.6,EF,DOWN,0.72,1,DOWN
1790030700,77.0,MAIN,DOWN,0.75,1,DOWN
1790031000,68.6,EF,DOWN,0.42,0,UP
1790031000,32.7,MAIN,UP,0.7,1,UP
1790031000,75.3,REVERSAL,DOWN,0.64,0,UP
1790031300,15.1,EF,UP,0.53,1,UP
1790031300,260.1,MAIN,UP,0.96,1,UP
1790031600,35.7,EF,UP,0.43,1,UP
1790031600,77.2,MAIN,UP,0.68,1,UP
1790031900,23.1,EF,UP,0.51,0,DOWN
1790031900,242.4,MAIN,UP,0.83,0,DOWN
1790031900,264.1,REVERSAL,DOWN,0.7032881189047262,1,DOWN
1790032200,15.0,EF,DOWN,0.54,0,UP
1790032200,173.4,MAIN,UP,0.95,1,UP
1790032500,20.0,EF,DOWN,0.31,1,DOWN
1790032800,17.4,EF,DOWN,0.57,1,DOWN
1790033100,67.2,EF,DOWN,0.62,1,DOWN
1790033100,282.0,MAIN,DOWN,0.99,1,DOWN
1790033400,15.1,EF,DOWN,0.57,1,DOWN
1790033400,177.6,MAIN,DOWN,0.81,1,DOWN
1790033700,87.2,EF,DOWN,0.61,0,UP
1790033700,14.0,MAIN,DOWN,0.71,0,UP
1790033700,130.7,REVERSAL,UP,0.76,1,UP
1790034000,15.1,MAIN,UP,0.75,1,UP
1790034300,15.2,EF,DOWN,0.58,0,UP
1790034300,120.9,MAIN,UP,0.72,1,UP
1790034300,209.7,REVERSAL,DOWN,0.73,0,UP
1790034600,18.9,EF,UP,0.46,1,UP
1790034600,153.0,MAIN,UP,0.87,1,UP
1790034900,15.1,EF,UP,0.69,1,UP
1790034900,43.2,MAIN,UP,0.68,1,UP
1790035200,16.2,EF,DOWN,0.5,1,DOWN
1790035200,196.8,MAIN,DOWN,,1,DOWN
1790035500,110.1,EF,UP,0.38,0,DOWN
1790035500,36.0,MAIN,UP,0.72,0,DOWN
1790035500,102.5,REVERSAL,DOWN,0.6456953143496696,1,DOWN
1790035800,48.0,EF,DOWN,0.39,0,UP
1790035800,16.0,MAIN,UP,0.63,1,UP
1790036100,43.0,EF,UP,0.41,0,DOWN
1790036100,178.0,MAIN,DOWN,0.89,1,DOWN
1790036400,136.9,EF,UP,0.43,0,DOWN
1790036400,242.1,MAIN,DOWN,0.95,1,DOWN
1790036700,39.9,EF,DOWN,0.45,0,UP
1790036700,166.5,MAIN,UP,0.73,1,UP
1790037000,23.5,EF,DOWN,0.51,0,UP
1790037000,187.6,MAIN,UP,0.9520660107902253,1,UP
1790037300,20.7,EF,DOWN,0.56,1,DOWN
1790037300,182.5,MAIN,DOWN,0.97,1,DOWN
1790037600,15.1,EF,DOWN,0.38,0,UP
1790037600,230.2,MAIN,UP,0.83,1,UP
1790037900,15.7,EF,UP,0.57,0,DOWN
1790037900,66.7,MAIN,DOWN,0.67,1,DOWN
1790038200,18.6,EF,DOWN,0.52,1,DOWN
1790038200,228.0,MAIN,DOWN,0.99,1,DOWN
1790038500,17.1,EF,UP,0.47,0,DOWN
1790038800,55.6,EF,UP,0.56,0,DOWN
1790038800,177.1,MAIN,DOWN,0.9024791672934027,1,DOWN
1790039100,32.1,EF,DOWN,0.41,0,UP
1790039400,15.3,EF,UP,0.45,0,DOWN
1790039400,119.6,MAIN,DOWN,0.74,1,DOWN
1790039700,103.6,EF,DOWN,0.6,1,DOWN
1790039700,223.2,MAIN,DOWN,0.98,1,DOWN
1790040000,15.1,EF,UP,0.57,1,UP
1790040300,15.4,EF,UP,0.51,1,UP
1790040600,15.8,EF,UP,0.48,1,UP
1790040900,101.0,EF,UP,0.5,0,DOWN
1790041200,15.6,EF,UP,0.47,1,UP
1790041500,152.6,EF,DOWN,0.51,1,DOWN
1790041800,24.2,EF,DOWN,0.56,0,UP
1790042100,33.5,EF,UP,0.51,0,DOWN