ep15,day,utc15,first_riskless_ts,sec,leg15,leg5,a15,a5,cost,sz15,notional15,age15,gap,gap_lt5,n_riskless_secs,best_cost,pay,o15,o5
1790509500,2026-09-27,11:45,1790510100,0,UP,DOWN,0.420,0.530,0.9845,4488,1884.83,8.3,-0.72,1,12,0.9143,1,DOWN,DOWN
1790532000,2026-09-27,18:00,1790532600,0,DOWN,UP,0.260,0.510,0.8010,264,68.70,5.9,+1.47,1,32,0.8010,1,UP,UP
1790533800,2026-09-27,18:30,1790534424,24,DOWN,UP,0.290,0.680,0.9996,74,21.57,0.0,+3.13,1,6,0.9936,1,UP,UP
1790534700,2026-09-27,18:45,1790535302,2,DOWN,UP,0.290,0.650,0.9703,997,289.25,0.0,+18.08,0,1,0.9703,1,UP,UP
1790536500,2026-09-27,19:15,1790537221,121,DOWN,UP,0.950,0.040,0.9960,43,40.77,0.0,+34.81,0,2,0.9934,1,DOWN,DOWN
1790543700,2026-09-27,21:15,1790544340,40,DOWN,UP,0.250,0.540,0.8205,17,4.25,0.5,+4.63,1,1,0.8205,1,DOWN,DOWN
1790557200,2026-09-28,01:00,1790557801,1,DOWN,UP,0.630,0.280,0.9404,82,51.62,0.3,+0.15,1,18,0.9404,1,DOWN,DOWN
1790559900,2026-09-28,01:45,1790560637,137,DOWN,UP,0.520,0.430,0.9846,89,46.28,1.2,+38.91,0,9,0.9441,,DOWN,
1790568000,2026-09-28,04:00,1790568724,124,DOWN,UP,0.380,0.550,0.9638,173,65.69,1.8,+9.78,0,1,0.9638,,UP,
1790570700,2026-09-28,04:45,1790571301,1,DOWN,UP,0.680,0.290,0.9996,252,171.39,0.2,+7.35,0,7,0.9524,,UP,
