hour,arm,pnl_at_10
09-24 20,FAV,4.268531
09-24 21,FAV,7.054096
09-24 22,FAV,-8.075001
09-24 23,FAV,44.558879
09-25 00,FAV,10.50461
09-25 01,FAV,4.383688
09-25 02,FAV,4.588382
09-25 03,FAV,-15.200708
09-25 04,FAV,16.289378
09-25 05,FAV,25.061768
09-25 06,FAV,-10.939637
09-25 07,FAV,-5.508444
09-25 08,FAV,16.552596
09-25 09,FAV,8.593827
09-25 10,FAV,2.834687
09-25 11,FAV,4.383688
09-25 17,FAV,16.81954
09-25 18,FAV,-22.641285
09-25 19,FAV,-4.504684
09-25 20,FAV,1.753285
09-25 21,FAV,14.049147
09-25 22,FAV,-32.087653
09-25 23,FAV,-22.377162
09-26 00,FAV,-7.091516
09-26 01,FAV,12.126362
09-26 02,FAV,8.213936
09-26 03,FAV,4.286829
09-26 04,FAV,-33.735746
09-26 05,FAV,15.780442
09-26 06,FAV,-26.842959
09-26 07,FAV,3.592845
09-26 08,FAV,13.171075
09-26 09,FAV,-0.51371
09-26 10,FAV,-6.113333
09-26 11,FAV,-2.049477
09-26 12,FAV,-12.597431
09-26 13,FAV,-23.565229
09-26 14,FAV,10.117546
09-26 15,FAV,7.392891
09-26 16,FAV,22.393423
09-26 17,FAV,-14.856972
09-26 18,FAV,-33.665838
09-26 19,FAV,-4.847533
09-26 20,FAV,-9.70774
09-26 21,FAV,20.789611
09-26 22,FAV,-15.580658
09-26 23,FAV,6.03333
09-27 00,FAV,33.316871
09-27 01,FAV,-16.828477
09-27 02,FAV,36.192303
09-27 03,FAV,6.402092
09-27 04,FAV,-18.323506
09-27 05,FAV,-25.523421
09-27 06,FAV,-16.287275
09-27 07,FAV,-7.095773
09-27 08,FAV,8.022736
09-27 09,FAV,3.576443
09-27 10,FAV,-10.122867
09-27 11,FAV,4.254275
09-27 12,FAV,29.082388
09-27 13,FAV,9.912093
09-27 14,FAV,-8.227095
09-27 15,FAV,-20.0
09-27 16,FAV,10.051115
09-27 17,FAV,37.869805
09-27 18,FAV,26.10195
09-27 19,FAV,20.211936
09-27 20,FAV,3.982481
09-27 21,FAV,27.886992
09-27 22,FAV,11.229164
09-27 23,FAV,-10.928572
09-28 00,FAV,3.271964
09-28 03,FAV,3.104013
09-28 04,FAV,15.092048
09-28 06,FAV,5.56247
09-28 07,FAV,10.081908
09-28 08,FAV,5.016706
09-28 09,FAV,-16.008115
09-28 10,FAV,-1.790216
09-28 11,FAV,24.232049
09-28 12,FAV,-10.0
09-28 13,FAV,2.474848
09-28 19,FAV,-10.0
09-28 20,FAV,10.592908
09-28 21,FAV,-22.195662
09-28 22,FAV,12.859111
09-28 23,FAV,-15.370806
09-29 00,FAV,-12.799657
09-29 03,FAV,-7.629717
09-29 04,FAV,10.211018
09-29 05,FAV,-10.353708
09-29 06,FAV,17.208099
09-29 07,FAV,9.912947
09-29 08,FAV,1.772905
09-29 09,FAV,-14.123597
09-29 10,FAV,-11.906624
09-29 11,FAV,-12.260214
09-29 12,FAV,1.52384
09-29 13,FAV,2.626071
09-29 16,FAV,1.64246
09-29 17,FAV,-4.419795
09-29 18,FAV,9.624616
09-29 19,FAV,-3.679752
09-29 20,FAV,7.933097
09-29 21,FAV,14.273637
09-29 22,FAV,19.810888
09-29 23,FAV,29.371543
09-30 00,FAV,2.402394
09-30 01,FAV,-10.0
09-24 12,FAV_ref,3.444529
09-24 20,FAV_ref,4.268531
09-24 21,FAV_ref,-7.329592
09-24 22,FAV_ref,-11.179014
09-24 23,FAV_ref,44.558879
09-25 00,FAV_ref,10.50461
09-25 01,FAV_ref,4.383688
09-25 03,FAV_ref,-15.200708
09-25 04,FAV_ref,16.289378
09-25 05,FAV_ref,25.061768
09-25 06,FAV_ref,-10.939637
09-25 07,FAV_ref,-5.508444
09-25 08,FAV_ref,12.168909
09-25 09,FAV_ref,8.593827
09-25 10,FAV_ref,2.834687
09-25 11,FAV_ref,4.383688
09-25 12,FAV_ref,2.626071
09-25 13,FAV_ref,-10.0
09-25 17,FAV_ref,16.81954
09-25 18,FAV_ref,-24.684661
09-25 19,FAV_ref,5.495316
09-25 20,FAV_ref,1.753285
09-25 21,FAV_ref,14.049147
09-25 22,FAV_ref,-32.087653
09-25 23,FAV_ref,-22.377162
09-26 00,FAV_ref,-7.091516
09-26 01,FAV_ref,2.126362
09-26 02,FAV_ref,8.213936
09-26 03,FAV_ref,4.286829
09-26 04,FAV_ref,-33.735746
09-26 05,FAV_ref,15.780442
09-26 06,FAV_ref,-26.842959
09-26 07,FAV_ref,3.592845
09-26 08,FAV_ref,5.645923
09-26 09,FAV_ref,-0.51371
09-26 10,FAV_ref,-6.113333
09-26 11,FAV_ref,-2.049477
09-26 12,FAV_ref,-12.597431
09-26 13,FAV_ref,-27.187129
09-26 14,FAV_ref,10.117546
09-26 15,FAV_ref,7.392891
09-26 16,FAV_ref,22.393423
09-26 17,FAV_ref,-14.856972
09-26 18,FAV_ref,-33.665838
09-26 19,FAV_ref,-4.847533
09-26 20,FAV_ref,-9.70774
09-26 21,FAV_ref,20.789611
09-26 22,FAV_ref,-15.580658
09-26 23,FAV_ref,6.03333
09-27 00,FAV_ref,33.316871
09-27 01,FAV_ref,-12.240096
09-27 02,FAV_ref,36.192303
09-27 03,FAV_ref,4.074675
09-27 04,FAV_ref,-16.681046
09-27 05,FAV_ref,-25.523421
09-27 06,FAV_ref,-16.287275
09-27 07,FAV_ref,-7.095773
09-27 08,FAV_ref,6.444212
09-27 09,FAV_ref,3.576443
09-27 10,FAV_ref,-1.301881
09-27 11,FAV_ref,4.254275
09-27 12,FAV_ref,29.082388
09-27 13,FAV_ref,9.912093
09-27 14,FAV_ref,-8.227095
09-27 15,FAV_ref,-10.0
09-27 16,FAV_ref,3.345317
09-27 17,FAV_ref,37.869805
09-27 18,FAV_ref,31.342878
09-27 19,FAV_ref,20.211936
09-27 20,FAV_ref,3.982481
09-27 21,FAV_ref,25.105757
09-27 22,FAV_ref,11.229164
09-27 23,FAV_ref,-17.218765
09-28 00,FAV_ref,3.271964
09-28 04,FAV_ref,15.092048
09-28 06,FAV_ref,5.72173
09-28 07,FAV_ref,9.387498
09-28 09,FAV_ref,-16.008115
09-28 10,FAV_ref,-11.790216
09-28 11,FAV_ref,24.232049
09-28 13,FAV_ref,7.27414
09-28 19,FAV_ref,-3.680699
09-28 20,FAV_ref,10.592908
09-28 21,FAV_ref,-22.195662
09-28 22,FAV_ref,-2.157595
09-28 23,FAV_ref,-13.04339
09-29 00,FAV_ref,-16.173903
09-29 03,FAV_ref,-9.272177
09-29 04,FAV_ref,10.211018
09-29 05,FAV_ref,-10.353708
09-29 06,FAV_ref,25.669334
09-29 07,FAV_ref,17.773293
09-29 08,FAV_ref,1.772905
09-29 09,FAV_ref,-14.123597
09-29 10,FAV_ref,-11.906624
09-29 11,FAV_ref,-12.260214
09-29 13,FAV_ref,2.626071
09-29 17,FAV_ref,2.043375
09-29 18,FAV_ref,9.624616
09-29 19,FAV_ref,-5.322212
09-29 20,FAV_ref,7.933097
09-29 21,FAV_ref,9.25693
09-29 22,FAV_ref,19.810888
09-29 23,FAV_ref,27.729083
09-30 00,FAV_ref,-6.895987
09-30 01,FAV_ref,-10.0
09-24 12,FAV_mid,8.622998
09-24 13,FAV_mid,-0.798353
09-24 16,FAV_mid,6.290193
09-24 17,FAV_mid,18.04878
09-24 18,FAV_mid,-0.698219
09-24 19,FAV_mid,4.992875
09-24 20,FAV_mid,9.598584
09-24 21,FAV_mid,-30.0
09-24 22,FAV_mid,15.426542
09-24 23,FAV_mid,4.383688
09-25 00,FAV_mid,-10.79924
09-25 01,FAV_mid,5.712214
09-25 02,FAV_mid,-24.101965
09-25 03,FAV_mid,-11.968708
09-25 04,FAV_mid,4.383688
09-25 05,FAV_mid,16.800286
09-25 06,FAV_mid,11.951096
09-25 07,FAV_mid,-4.152344
09-25 09,FAV_mid,-8.093495
09-25 10,FAV_mid,-15.200708
09-25 11,FAV_mid,8.120719
09-25 12,FAV_mid,13.541167
09-25 13,FAV_mid,-4.983294
09-25 16,FAV_mid,-3.067621
09-25 17,FAV_mid,-20.81702
09-25 18,FAV_mid,-20.0
09-25 19,FAV_mid,3.420929
09-25 20,FAV_mid,13.572614
09-25 21,FAV_mid,-4.983294
09-25 22,FAV_mid,4.18494
09-25 23,FAV_mid,5.016706
09-26 00,FAV_mid,4.799292
09-26 01,FAV_mid,-1.137172
09-26 04,FAV_mid,5.016706
09-26 08,FAV_mid,-4.253189
09-26 15,FAV_mid,-10.0
09-26 20,FAV_mid,-10.0
09-26 22,FAV_mid,4.588382
09-26 23,FAV_mid,-7.672584
09-27 01,FAV_mid,-5.411618
09-27 04,FAV_mid,1.64246
09-27 08,FAV_mid,-17.956625
09-27 09,FAV_mid,-20.0
09-27 10,FAV_mid,-1.179014
09-27 13,FAV_mid,15.285709
09-27 14,FAV_mid,4.31442
09-27 15,FAV_mid,4.379037
09-27 16,FAV_mid,7.200343
09-27 18,FAV_mid,-0.574131
09-27 19,FAV_mid,-10.0
09-27 20,FAV_mid,-5.81506
09-27 22,FAV_mid,-1.879281
09-27 23,FAV_mid,8.543294
09-28 00,FAV_mid,-1.179014
09-28 02,FAV_mid,7.060082
09-28 03,FAV_mid,-13.558248
09-28 04,FAV_mid,-13.774236
09-28 05,FAV_mid,-1.179014
09-28 06,FAV_mid,-5.554416
09-28 07,FAV_mid,-11.552561
09-28 08,FAV_mid,12.804879
09-28 09,FAV_mid,-12.346106
09-28 10,FAV_mid,-3.955492
09-28 11,FAV_mid,8.421192
09-28 12,FAV_mid,8.344942
09-28 13,FAV_mid,5.512504
09-28 15,FAV_mid,2.781235
09-28 16,FAV_mid,8.266942
09-28 17,FAV_mid,-4.743118
09-28 18,FAV_mid,18.393155
09-28 19,FAV_mid,-3.191709
09-28 20,FAV_mid,-10.0
09-28 21,FAV_mid,4.799292
09-28 22,FAV_mid,-6.728036
09-28 23,FAV_mid,4.654832
09-29 00,FAV_mid,8.274217
09-29 01,FAV_mid,5.44674
09-29 02,FAV_mid,-2.57382
09-29 03,FAV_mid,4.621794
09-29 04,FAV_mid,8.110052
09-29 05,FAV_mid,-1.71133
09-29 06,FAV_mid,24.071278
09-29 07,FAV_mid,10.80084
09-29 08,FAV_mid,18.837901
09-29 09,FAV_mid,3.675478
09-29 10,FAV_mid,-8.550467
09-29 11,FAV_mid,-0.211195
09-29 12,FAV_mid,22.64837
09-29 13,FAV_mid,-12.655878
09-29 14,FAV_mid,-10.0
09-29 15,FAV_mid,5.44674
09-29 16,FAV_mid,-3.210389
09-29 17,FAV_mid,13.850302
09-29 18,FAV_mid,10.609841
09-29 19,FAV_mid,-0.798353
09-29 20,FAV_mid,0.0
09-29 21,FAV_mid,1.772905
09-29 22,FAV_mid,-6.451035
09-30 00,FAV_mid,-3.352029
09-30 01,FAV_mid,4.18494
09-24 12,FAV_all,16.833279
09-24 13,FAV_all,-15.999061
09-24 14,FAV_all,-25.585204
09-24 15,FAV_all,25.008959
09-24 16,FAV_all,-27.306672
09-24 17,FAV_all,-3.265763
09-24 18,FAV_all,20.415811
09-24 19,FAV_all,9.792167
09-24 20,FAV_all,5.910491
09-24 21,FAV_all,-22.945904
09-24 22,FAV_all,8.994001
09-24 23,FAV_all,48.942567
09-25 00,FAV_all,4.223593
09-25 01,FAV_all,0.095902
09-25 02,FAV_all,-29.465647
09-25 03,FAV_all,-29.733003
09-25 04,FAV_all,25.689772
09-25 05,FAV_all,41.862054
09-25 06,FAV_all,1.011459
09-25 07,FAV_all,-7.887883
09-25 08,FAV_all,29.990494
09-25 09,FAV_all,13.015401
09-25 10,FAV_all,-12.366021
09-25 11,FAV_all,6.568608
09-25 12,FAV_all,13.304347
09-25 13,FAV_all,-19.308129
09-25 14,FAV_all,19.200315
09-25 15,FAV_all,-13.266634
09-25 16,FAV_all,4.652979
09-25 17,FAV_all,2.551062
09-25 18,FAV_all,-48.052904
09-25 19,FAV_all,-1.083755
09-25 20,FAV_all,17.800747
09-25 21,FAV_all,-0.934147
09-25 22,FAV_all,-27.902713
09-25 23,FAV_all,-17.360456
09-26 00,FAV_all,2.948705
09-26 01,FAV_all,10.98919
09-26 02,FAV_all,8.213936
09-26 03,FAV_all,4.286829
09-26 04,FAV_all,-28.71904
09-26 05,FAV_all,15.780442
09-26 06,FAV_all,-26.842959
09-26 07,FAV_all,3.592845
09-26 08,FAV_all,8.917887
09-26 09,FAV_all,-0.51371
09-26 10,FAV_all,-6.113333
09-26 11,FAV_all,-2.049477
09-26 12,FAV_all,-12.597431
09-26 13,FAV_all,-19.760949
09-26 14,FAV_all,10.117546
09-26 15,FAV_all,-2.607109
09-26 16,FAV_all,22.393423
09-26 17,FAV_all,-14.856972
09-26 18,FAV_all,-33.665838
09-26 19,FAV_all,-4.847533
09-26 20,FAV_all,-19.70774
09-26 21,FAV_all,20.789611
09-26 22,FAV_all,-6.192985
09-26 23,FAV_all,0.404121
09-27 00,FAV_all,33.316871
09-27 01,FAV_all,-22.240096
09-27 02,FAV_all,36.192303
09-27 03,FAV_all,6.402092
09-27 04,FAV_all,-16.681046
09-27 05,FAV_all,-25.523421
09-27 06,FAV_all,-16.287275
09-27 07,FAV_all,-7.095773
09-27 08,FAV_all,-5.748948
09-27 09,FAV_all,-16.423557
09-27 10,FAV_all,-7.679981
09-27 11,FAV_all,4.254275
09-27 12,FAV_all,29.082388
09-27 13,FAV_all,35.911014
09-27 14,FAV_all,-7.340477
09-27 15,FAV_all,-15.620963
09-27 16,FAV_all,21.635145
09-27 17,FAV_all,27.869805
09-27 18,FAV_all,25.527819
09-27 19,FAV_all,10.211936
09-27 20,FAV_all,-1.832578
09-27 21,FAV_all,27.886992
09-27 22,FAV_all,-16.061735
09-27 23,FAV_all,-2.385278
09-28 00,FAV_all,17.70137
09-28 01,FAV_all,-4.771565
09-28 02,FAV_all,15.401928
09-28 03,FAV_all,4.174367
09-28 04,FAV_all,1.317812
09-28 05,FAV_all,5.489303
09-28 06,FAV_all,4.192994
09-28 07,FAV_all,-11.470653
09-28 08,FAV_all,9.062279
09-28 09,FAV_all,-28.320809
09-28 10,FAV_all,-0.034591
09-28 11,FAV_all,29.425259
09-28 12,FAV_all,-21.591407
09-28 13,FAV_all,-6.995942
09-28 14,FAV_all,0.61633
09-28 15,FAV_all,-11.026026
09-28 16,FAV_all,15.464858
09-28 17,FAV_all,1.942499
09-28 18,FAV_all,13.634084
09-28 19,FAV_all,-24.21964
09-28 20,FAV_all,4.81992
09-28 21,FAV_all,-13.6629
09-28 22,FAV_all,7.90398
09-28 23,FAV_all,-10.715974
09-29 00,FAV_all,-4.52544
09-29 01,FAV_all,0.316931
09-29 02,FAV_all,-7.985439
09-29 03,FAV_all,-0.542604
09-29 04,FAV_all,18.32107
09-29 05,FAV_all,-4.409387
09-29 06,FAV_all,41.279377
09-29 07,FAV_all,2.356247
09-29 08,FAV_all,12.654182
09-29 09,FAV_all,-18.541614
09-29 10,FAV_all,-20.457091
09-29 11,FAV_all,-15.259941
09-29 12,FAV_all,34.223645
09-29 13,FAV_all,-14.886245
09-29 14,FAV_all,-32.653334
09-29 15,FAV_all,9.619008
09-29 16,FAV_all,-3.952877
09-29 17,FAV_all,9.430507
09-29 18,FAV_all,9.698792
09-29 19,FAV_all,0.538601
09-29 20,FAV_all,7.933097
09-29 21,FAV_all,16.046542
09-29 22,FAV_all,16.804382
09-29 23,FAV_all,31.144448
09-30 00,FAV_all,-0.949635
09-30 01,FAV_all,-5.81506
09-29 01,C_fixed15,10.204149
09-29 02,C_fixed15,44.753438
09-29 03,C_fixed15,13.422879
09-29 04,C_fixed15,0.0
09-29 05,C_fixed15,-20.0
09-29 06,C_fixed15,0.0
09-29 07,C_fixed15,5.240929
09-29 08,C_fixed15,-10.0
09-29 09,C_fixed15,0.0
09-29 10,C_fixed15,12.761878
09-29 11,C_fixed15,-0.676329
09-29 12,C_fixed15,-20.0
09-29 13,C_fixed15,0.944567
09-29 14,C_fixed15,20.476456
09-29 15,C_fixed15,-2.671996
09-29 16,C_fixed15,-10.0
09-29 17,C_fixed15,-10.0
09-29 18,C_fixed15,9.323671
09-29 19,C_fixed15,13.992322
09-29 21,C_fixed15,-20.0
09-29 22,C_fixed15,0.0
09-29 23,C_fixed15,0.0
09-30 00,C_fixed15,2.36351
09-29 01,F_z50,2.880573
09-29 02,F_z50,22.549194
09-29 03,F_z50,13.422879
09-29 04,F_z50,0.0
09-29 05,F_z50,-20.0
09-29 06,F_z50,0.0
09-29 07,F_z50,5.240929
09-29 08,F_z50,-10.0
09-29 09,F_z50,0.0
09-29 10,F_z50,3.80428
09-29 11,F_z50,-10.0
09-29 12,F_z50,-10.0
09-29 13,F_z50,0.0
09-29 14,F_z50,8.112947
09-29 15,F_z50,7.328004
09-29 16,F_z50,0.0
09-29 18,F_z50,9.323671
09-29 19,F_z50,13.992322
09-29 21,F_z50,-20.0
09-29 22,F_z50,0.0
09-30 00,F_z50,2.36351
09-29 01,F25_z25,2.880573
09-29 02,F25_z25,44.753438
09-29 03,F25_z25,13.422879
09-29 04,F25_z25,0.0
09-29 05,F25_z25,-20.0
09-29 06,F25_z25,0.0
09-29 07,F25_z25,5.240929
09-29 08,F25_z25,-10.0
09-29 09,F25_z25,0.0
09-29 10,F25_z25,3.80428
09-29 11,F25_z25,-10.0
09-29 12,F25_z25,-20.0
09-29 13,F25_z25,-4.527716
09-29 14,F25_z25,20.476456
09-29 15,F25_z25,-2.671996
09-29 16,F25_z25,-10.0
09-29 18,F25_z25,9.323671
09-29 19,F25_z25,13.992322
09-29 21,F25_z25,-20.0
09-29 22,F25_z25,0.0
09-29 23,F25_z25,0.0
09-30 00,F25_z25,2.36351
09-29 01,F75_z75,12.880573
09-29 02,F75_z75,22.549194
09-29 03,F75_z75,0.0
09-29 04,F75_z75,0.0
09-29 05,F75_z75,-20.0
09-29 06,F75_z75,0.0
09-29 07,F75_z75,0.0
09-29 08,F75_z75,-10.0
09-29 09,F75_z75,0.0
09-29 10,F75_z75,3.80428
09-29 11,F75_z75,-10.0
09-29 12,F75_z75,-10.0
09-29 13,F75_z75,0.0
09-29 14,F75_z75,18.112947
09-29 15,F75_z75,7.328004
09-29 18,F75_z75,9.323671
09-29 19,F75_z75,13.992322
09-29 21,F75_z75,-10.0
09-30 00,F75_z75,2.36351
09-29 01,E3_trail_1h_q90,15.538992
09-29 02,E3_trail_1h_q90,2.620015
09-29 03,E3_trail_1h_q90,5.97898
09-29 04,E3_trail_1h_q90,-15.496622
09-29 05,E3_trail_1h_q90,5.100919
09-29 06,E3_trail_1h_q90,10.044873
09-29 07,E3_trail_1h_q90,3.729596
09-29 08,E3_trail_1h_q90,-15.802622
09-29 09,E3_trail_1h_q90,-6.712035
09-29 10,E3_trail_1h_q90,10.374902
09-29 11,E3_trail_1h_q90,-7.059506
09-29 12,E3_trail_1h_q90,-6.29696
09-29 13,E3_trail_1h_q90,-19.737494
09-29 14,E3_trail_1h_q90,-13.533268
09-29 15,E3_trail_1h_q90,21.253862
09-29 16,E3_trail_1h_q90,2.541005
09-29 17,E3_trail_1h_q90,0.0
09-29 18,E3_trail_1h_q90,-22.100941
09-29 19,E3_trail_1h_q90,11.688111
09-29 20,E3_trail_1h_q90,-7.565922
09-29 21,E3_trail_1h_q90,21.513438
09-29 22,E3_trail_1h_q90,0.584406
09-29 23,E3_trail_1h_q90,3.864072
09-30 00,E3_trail_1h_q90,5.076755
09-29 02,S_fixed_top20,9.323671
09-29 04,S_fixed_top20,0.0
09-29 05,S_fixed_top20,0.0
09-29 09,S_fixed_top20,0.0
09-29 10,S_fixed_top20,3.80428
09-29 14,S_fixed_top20,12.36351
09-29 15,S_fixed_top20,0.0
09-29 22,S_fixed_top20,0.0
09-29 23,S_fixed_top20,0.0
