fill_ts_utc,candle_epoch,side,price,shares,cost_usd,won,pnl_usd,session
2026-09-30T17:01:02.000Z,1790787600,DOWN,0.61,5,3.0500,1,1.9500,us
2026-09-30T17:01:13.000Z,1790787600,DOWN,0.63,5,3.1500,1,1.8500,us
2026-09-30T17:01:18.000Z,1790787600,DOWN,0.62,2.64,1.6368,1,1.0032,us
2026-09-30T17:01:18.000Z,1790787600,DOWN,0.64,5,3.2000,1,1.8000,us
2026-09-30T17:01:19.000Z,1790787600,DOWN,0.62,0.36,0.2232,1,0.1368,us
2026-09-30T17:01:19.000Z,1790787600,DOWN,0.62,2,1.2400,1,0.7600,us
2026-09-30T17:01:23.000Z,1790787600,DOWN,0.62,5,3.1000,1,1.9000,us
2026-09-30T17:01:25.000Z,1790787600,DOWN,0.61,5,3.0500,1,1.9500,us
2026-09-30T17:01:47.000Z,1790787600,DOWN,0.60,5,3.0000,1,2.0000,us
2026-09-30T17:01:55.000Z,1790787600,DOWN,0.61,5,3.0500,1,1.9500,us
2026-09-30T17:02:10.000Z,1790787600,DOWN,0.61,5,3.0500,1,1.9500,us
2026-09-30T17:02:35.000Z,1790787600,DOWN,0.69,5,3.4500,1,1.5500,us
2026-09-30T17:02:37.000Z,1790787600,DOWN,0.60,5,3.0000,1,2.0000,us
2026-09-30T17:02:48.000Z,1790787600,DOWN,0.66,5,3.3000,1,1.7000,us
2026-09-30T17:02:52.000Z,1790787600,DOWN,0.69,5,3.4500,1,1.5500,us
2026-09-30T20:46:56.000Z,1790801100,DOWN,0.65,5,3.2500,1,1.7500,late
2026-09-30T20:46:58.000Z,1790801100,DOWN,0.67,5,3.3500,1,1.6500,late
2026-09-30T21:11:20.000Z,1790802600,UP,0.64,5,3.2000,1,1.8000,late
2026-09-30T21:21:47.000Z,1790803200,DOWN,0.66,5,3.3000,1,1.7000,late
2026-09-30T21:26:09.000Z,1790803500,DOWN,0.79,5,3.9500,1,1.0500,late
2026-09-30T23:46:11.000Z,1790811900,DOWN,0.78,5,3.9000,1,1.1000,late
2026-09-30T23:51:01.000Z,1790812200,UP,0.60,5,3.0000,1,2.0000,late
2026-09-30T23:51:36.000Z,1790812200,UP,0.70,5,3.5000,1,1.5000,late
2026-10-01T00:26:12.000Z,1790814300,UP,0.60,5,3.0000,1,2.0000,asia
2026-10-01T00:31:38.000Z,1790814600,DOWN,0.64,2.08,1.3312,1,0.7488,asia
2026-10-01T00:31:38.000Z,1790814600,DOWN,0.64,2.916667,1.8667,1,1.0500,asia
2026-10-01T00:41:50.000Z,1790815200,UP,0.60,5,3.0000,1,2.0000,asia
2026-10-01T09:46:00.000Z,1790847900,DOWN,0.73,5,3.6500,1,1.3500,europe
2026-10-01T09:51:08.000Z,1790848200,DOWN,0.65,1.53,0.9945,1,0.5355,europe
2026-10-01T09:56:00.000Z,1790848500,DOWN,0.76,5,3.8000,1,1.2000,europe
2026-10-01T10:41:01.000Z,1790851200,DOWN,0.66,5,3.3000,0,-3.3000,europe
2026-10-01T11:16:02.000Z,1790853300,DOWN,0.70,5,3.5000,1,1.5000,europe
2026-10-01T11:31:40.000Z,1790854200,UP,0.78,5,3.9000,0,-3.9000,europe
2026-10-01T11:41:03.000Z,1790854800,UP,0.71,0.01,0.0071,1,0.0029,europe
2026-10-01T12:11:18.000Z,1790856600,UP,0.66,5,3.3000,1,1.7000,europe
2026-10-01T12:16:02.000Z,1790856900,DOWN,0.80,5,4.0000,1,1.0000,europe
2026-10-01T12:42:12.000Z,1790858400,UP,0.79,5,3.9500,0,-3.9500,europe
2026-10-01T12:51:00.000Z,1790859000,DOWN,0.74,3.846154,2.8462,1,1.0000,europe
2026-10-01T12:51:01.000Z,1790859000,DOWN,0.74,1.15,0.8510,1,0.2990,europe
2026-10-01T12:52:57.000Z,1790859000,DOWN,0.73,0.56,0.4088,1,0.1512,europe
2026-10-01T12:52:58.000Z,1790859000,DOWN,0.73,4.44,3.2412,1,1.1988,europe
2026-10-01T19:16:24.000Z,1790882100,UP,0.60,5,3.0000,0,-3.0000,us
2026-10-01T19:21:08.000Z,1790882400,DOWN,0.79,5,3.9500,1,1.0500,us
2026-10-01T20:31:09.000Z,1790886600,DOWN,0.65,5,3.2500,1,1.7500,late
2026-10-01T20:36:28.000Z,1790886900,DOWN,0.67,5,3.3500,1,1.6500,late
2026-10-01T20:41:00.000Z,1790887200,DOWN,0.75,5,3.7500,1,1.2500,late
2026-10-01T20:46:09.000Z,1790887500,DOWN,0.75,5,3.7500,0,-3.7500,late
2026-10-01T20:51:00.000Z,1790887800,UP,0.74,5,3.7000,1,1.3000,late
2026-10-01T20:56:06.000Z,1790888100,UP,0.79,5,3.9500,1,1.0500,late
2026-10-01T21:02:19.000Z,1790888400,UP,0.61,4.994103,3.0464,0,-3.0464,late
2026-10-01T21:06:03.000Z,1790888700,UP,0.67,5,3.3500,1,1.6500,late
2026-10-01T21:11:00.000Z,1790889000,DOWN,0.64,5,3.2000,1,1.8000,late
2026-10-01T21:17:09.000Z,1790889300,DOWN,0.76,5,3.8000,1,1.2000,late
2026-10-01T21:26:07.000Z,1790889900,DOWN,0.73,5,3.6500,1,1.3500,late
2026-10-01T21:32:42.000Z,1790890200,UP,0.67,5,3.3500,0,-3.3500,late
2026-10-01T21:36:03.000Z,1790890500,UP,0.65,5,3.2500,0,-3.2500,late
2026-10-01T21:41:01.000Z,1790890800,DOWN,0.73,5,3.6500,1,1.3500,late
2026-10-01T21:46:50.000Z,1790891100,UP,0.61,4.994616,3.0467,1,1.9479,late
2026-10-01T22:11:07.000Z,1790892600,UP,0.77,5,3.8500,1,1.1500,late
2026-10-01T22:21:01.000Z,1790893200,DOWN,0.72,5,3.6000,1,1.4000,late
2026-10-01T22:27:02.000Z,1790893500,UP,0.60,5,3.0000,0,-3.0000,late
2026-10-01T22:31:04.000Z,1790893800,DOWN,0.62,5,3.1000,1,1.9000,late
2026-10-01T22:41:05.000Z,1790894400,DOWN,0.75,5,3.7500,1,1.2500,late
2026-10-01T22:52:13.000Z,1790895000,DOWN,0.62,5,3.1000,0,-3.1000,late
2026-10-01T22:56:00.000Z,1790895300,UP,0.66,5,3.3000,1,1.7000,late
2026-10-01T23:06:10.000Z,1790895900,DOWN,0.79,5,3.9500,1,1.0500,late
2026-10-01T23:12:20.000Z,1790896200,UP,0.63,5,3.1500,0,-3.1500,late
2026-10-01T23:16:05.000Z,1790896500,DOWN,0.78,5,3.9000,0,-3.9000,late
2026-10-01T23:22:04.000Z,1790896800,DOWN,0.60,5,3.0000,0,-3.0000,late
2026-10-01T23:26:19.000Z,1790897100,UP,0.60,5,3.0000,0,-3.0000,late
2026-10-01T23:36:00.000Z,1790897700,UP,0.68,5,3.4000,1,1.6000,late
2026-10-01T23:42:44.000Z,1790898000,DOWN,0.70,5,3.5000,0,-3.5000,late
2026-10-01T23:52:48.000Z,1790898600,UP,0.60,5,3.0000,1,2.0000,late
2026-10-02T00:06:34.000Z,1790899500,UP,0.78,5,3.9000,1,1.1000,asia
2026-10-02T00:11:36.000Z,1790899800,UP,0.80,5,4.0000,1,1.0000,asia
2026-10-02T00:31:12.000Z,1790901000,DOWN,0.80,5,4.0000,1,1.0000,asia
2026-10-02T00:36:21.000Z,1790901300,UP,0.71,5,3.5500,0,-3.5500,asia
2026-10-02T00:57:17.000Z,1790902500,DOWN,0.61,5,3.0500,1,1.9500,asia
2026-10-02T01:01:06.000Z,1790902800,DOWN,0.74,5,3.7000,1,1.3000,asia
2026-10-02T01:11:00.000Z,1790903400,DOWN,0.63,5,3.1500,1,1.8500,asia
2026-10-02T01:16:43.000Z,1790903700,DOWN,0.64,5,3.2000,1,1.8000,asia
2026-10-02T01:31:16.000Z,1790904600,UP,0.62,4.991579,3.0948,1,1.8968,asia
2026-10-02T01:36:14.000Z,1790904900,UP,0.61,5,3.0500,0,-3.0500,asia
2026-10-02T01:41:11.000Z,1790905200,DOWN,0.61,5,3.0500,1,1.9500,asia
2026-10-02T01:46:12.000Z,1790905500,UP,0.60,5,3.0000,1,2.0000,asia
2026-10-02T02:31:09.000Z,1790908200,DOWN,0.60,5,3.0000,0,-3.0000,asia
2026-10-02T02:41:03.000Z,1790908800,UP,0.60,5,3.0000,1,2.0000,asia
2026-10-02T02:46:00.000Z,1790909100,DOWN,0.71,5,3.5500,0,-3.5500,asia
2026-10-02T03:01:06.000Z,1790910000,UP,0.60,5,3.0000,1,2.0000,asia
2026-10-02T03:21:01.000Z,1790911200,DOWN,0.61,5,3.0500,1,1.9500,asia
2026-10-02T06:01:05.000Z,1790920800,UP,0.62,5,3.1000,1,1.9000,asia
2026-10-02T06:52:07.000Z,1790923800,UP,0.76,5,3.8000,1,1.2000,asia
2026-10-02T07:31:11.000Z,1790926200,DOWN,0.63,5,3.1500,1,1.8500,europe
2026-10-02T08:46:06.000Z,1790930700,DOWN,0.60,2.46,1.4760,1,0.9840,europe
2026-10-02T08:51:25.000Z,1790931000,UP,0.61,5,3.0500,0,-3.0500,europe
2026-10-02T08:56:00.000Z,1790931300,UP,0.74,5,3.7000,0,-3.7000,europe
2026-10-02T10:11:02.000Z,1790935800,DOWN,0.77,5,3.8500,1,1.1500,europe
2026-10-02T10:16:07.000Z,1790936100,UP,0.73,5,3.6500,1,1.3500,europe
2026-10-02T10:31:00.000Z,1790937000,DOWN,0.72,5,3.6000,0,-3.6000,europe
2026-10-02T10:51:03.000Z,1790938200,DOWN,0.71,5,3.5500,0,-3.5500,europe
2026-10-02T11:11:16.000Z,1790939400,UP,0.64,5,3.2000,0,-3.2000,europe
2026-10-02T11:16:38.000Z,1790939700,UP,0.79,5,3.9500,1,1.0500,europe
2026-10-02T11:21:32.000Z,1790940000,UP,0.69,5,3.4500,0,-3.4500,europe
2026-10-02T11:26:01.000Z,1790940300,UP,0.66,5,3.3000,0,-3.3000,europe
2026-10-02T11:31:20.000Z,1790940600,DOWN,0.60,5,3.0000,0,-3.0000,europe
2026-10-02T11:41:12.000Z,1790941200,DOWN,0.78,5,3.9000,1,1.1000,europe
2026-10-02T11:51:11.000Z,1790941800,UP,0.73,5,3.6500,1,1.3500,europe
2026-10-02T11:56:15.000Z,1790942100,DOWN,0.79,5,3.9500,1,1.0500,europe
