epoch,utc_time,raw_fired,fixed_fired,side_raw,side_fixed,ask_raw,ask_fixed,won_raw,won_fixed,paper_pnl_raw,paper_pnl_fixed,exec_exp_pnl_raw,exec_exp_pnl_fixed,exec_p05_cum_raw,exec_p95_cum_raw,exec_p05_cum_fixed,exec_p95_cum_fixed,grading_source
1789439100,2026-09-15 02:25:00,1,0,DOWN,,0.3900,,1,,15.2140,0,7.7597,0,0.0000,15.8818,0.0000,0.0000,engine
1789445100,2026-09-15 04:05:00,1,0,DOWN,,0.3900,,1,,15.2140,0,7.3618,0,0.0000,29.7980,0.0000,0.0000,venues
1789446000,2026-09-15 04:20:00,1,1,UP,UP,0.5500,0.5500,0,0,-10.3150,-10.3150,-6.7902,-6.9881,-10.3070,27.0748,-10.3220,0.0000,venues
1789446300,2026-09-15 04:25:00,1,1,UP,UP,0.5600,0.5600,1,1,7.5491,7.5491,3.2475,3.6585,-10.2572,30.3123,-10.3200,7.3298,venues
1789449300,2026-09-15 05:15:00,1,1,DOWN,DOWN,0.3600,0.3600,1,1,17.3298,17.3298,8.3303,8.3351,-2.4482,42.9029,-10.3087,22.3181,venues
1789455600,2026-09-15 07:00:00,1,1,DOWN,DOWN,0.3300,0.3300,0,0,-10.4690,-10.4690,-6.7889,-6.4644,-10.4278,37.0815,-20.7266,16.3276,venues
1789456200,2026-09-15 07:10:00,1,1,DOWN,DOWN,0.4600,0.4600,1,1,11.3611,11.3611,5.5271,5.5724,-6.6399,44.8963,-15.1051,23.6216,venues
1789462200,2026-09-15 08:50:00,1,1,UP,UP,0.5500,0.5500,1,1,7.8668,7.8668,3.6394,3.6122,-3.5038,48.2752,-13.0860,29.2098,venues
1789464900,2026-09-15 09:35:00,1,1,DOWN,DOWN,0.4900,0.4900,0,0,-10.3570,-10.3570,-6.4158,-7.0960,-11.0531,43.6457,-20.8194,23.6622,venues
1789466700,2026-09-15 10:05:00,1,1,UP,UP,0.3900,0.3900,1,1,15.2140,15.2140,7.6005,6.9132,-6.0397,53.5685,-16.3276,32.4393,venues
1789468500,2026-09-15 10:35:00,1,1,UP,UP,0.4400,0.4400,0,0,-10.3920,-10.3920,-6.9576,-6.6858,-12.8114,47.8443,-25.4498,26.6324,venues
1789477200,2026-09-15 13:00:00,1,0,DOWN,,0.3600,,0,,-10.4480,0,-6.7950,0,-20.2891,42.1338,-25.4498,26.6324,venues
1789477800,2026-09-15 13:10:00,1,0,UP,,0.5200,,0,,-10.3360,0,-6.5892,0,-28.6780,35.5089,-25.4498,26.6324,venues
1789479600,2026-09-15 13:40:00,1,1,DOWN,DOWN,0.3200,0.3200,0,0,-10.4760,-10.4760,-6.6036,-7.1784,-37.2028,31.6813,-33.1104,20.8203,venues
1789480800,2026-09-15 14:00:00,1,1,DOWN,DOWN,0.5300,0.5300,0,0,-10.3290,-10.3290,-6.6655,-6.8635,-43.4624,23.7498,-41.4690,14.8503,venues
1789481400,2026-09-15 14:10:00,1,1,DOWN,DOWN,0.5400,0.6600,1,1,8.1965,4.9135,3.8901,2.2649,-39.9690,29.4846,-38.8569,16.9483,venues
1789482000,2026-09-15 14:20:00,1,1,DOWN,DOWN,0.6100,0.6100,0,0,-10.2730,-10.2730,-6.4250,-6.5799,-49.3440,24.3130,-45.0854,12.2584,venues
1789483200,2026-09-15 14:40:00,1,1,UP,UP,0.5300,0.5300,1,1,8.5389,8.5389,3.9531,3.9498,-44.5814,29.6628,-43.2129,17.3515,venues
1789483800,2026-09-15 14:50:00,1,1,UP,UP,0.5000,0.5000,1,1,9.6500,9.6500,4.3044,4.2483,-42.1028,33.3313,-39.4437,22.3008,venues
1789484100,2026-09-15 14:55:00,1,1,DOWN,DOWN,0.6100,0.6100,0,0,-10.2730,-10.2730,-6.9572,-6.6707,-50.1515,26.8978,-47.1362,16.6106,venues
1789484700,2026-09-15 15:05:00,1,1,DOWN,DOWN,0.4300,0.4300,0,0,-10.3990,-10.3990,-6.8871,-6.6076,-58.4770,20.7369,-53.7182,10.4429,venues
1789485600,2026-09-15 15:20:00,1,1,UP,UP,0.6600,0.6600,1,1,4.9135,4.9135,2.3320,2.2231,-55.7051,23.9304,-51.3211,12.8072,venues
1789486200,2026-09-15 15:30:00,1,1,UP,UP,0.4500,0.4500,0,0,-10.3850,-10.3850,-6.7743,-6.5259,-62.1610,17.4461,-59.5517,6.4287,venues
1789486500,2026-09-15 15:35:00,1,1,DOWN,DOWN,0.5400,0.5400,0,0,-10.3220,-10.3220,-6.6198,-6.7339,-69.1931,9.3969,-67.5903,1.9343,venues
1789487100,2026-09-15 15:45:00,1,0,DOWN,,0.4400,,0,,-10.3920,0,-6.7782,0,-75.6117,4.4131,-67.5903,1.9343,venues
1789492200,2026-09-15 17:10:00,1,1,DOWN,DOWN,0.4300,0.4300,0,0,-10.3990,-10.3990,-6.4928,-6.8968,-83.9121,-0.3401,-73.9503,-4.6546,venues
1789492500,2026-09-15 17:15:00,1,1,DOWN,DOWN,0.5000,0.5000,0,0,-10.3500,-10.3500,-6.9069,-6.7405,-91.3479,-7.9882,-82.1671,-11.0876,venues
1789494600,2026-09-15 17:50:00,1,1,DOWN,DOWN,0.5600,0.5600,0,0,-10.3080,-10.3080,-6.7146,-6.8470,-100.1739,-12.0671,-90.5349,-17.0539,venues
1789496700,2026-09-15 18:25:00,1,1,DOWN,DOWN,0.4300,0.4300,0,0,-10.3990,-10.3990,-6.7423,-6.7517,-109.2247,-18.9425,-98.2280,-21.9270,engine
1789497300,2026-09-15 18:35:00,1,1,DOWN,DOWN,0.4700,0.4700,1,1,10.9056,10.9056,4.9772,5.1595,-103.9334,-13.1038,-92.9563,-17.1897,engine
1789498200,2026-09-15 18:50:00,1,0,UP,,0.4800,,1,,10.4693,0,5.0695,0,-100.6168,-6.4417,-92.9563,-17.1897,engine
1789499100,2026-09-15 19:05:00,0,1,,DOWN,,0.7000,,1,0,4.0757,0,1.8590,-100.6168,-6.4417,-91.5810,-14.9856,engine
1789499400,2026-09-15 19:10:00,0,1,,DOWN,,0.7900,,1,0,2.5112,0,1.1156,-100.6168,-6.4417,-89.9371,-14.8571,venues
1789499700,2026-09-15 19:15:00,1,1,DOWN,DOWN,0.5900,0.5900,0,0,-10.2870,-10.2870,-6.7417,-6.7827,-107.9109,-13.0325,-99.3458,-19.4722,venues
1789500000,2026-09-15 19:20:00,1,1,UP,UP,0.2900,0.2900,0,0,-10.4970,-10.4970,-6.7113,-6.8688,-115.7487,-16.8271,-106.7922,-25.2217,engine
1789500600,2026-09-15 19:30:00,1,1,DOWN,DOWN,0.3500,0.3500,0,0,-10.4550,-10.4550,-6.6852,-6.7681,-122.2362,-22.5078,-114.4087,-31.2739,engine
1789500900,2026-09-15 19:35:00,1,1,UP,UP,0.5100,0.5100,1,1,9.2648,9.2648,4.2952,4.2860,-118.7889,-17.2003,-111.0582,-24.7876,engine
1789501200,2026-09-15 19:40:00,1,1,DOWN,DOWN,0.6000,0.6000,1,1,6.3867,6.3867,2.8713,3.0417,-115.6139,-14.7944,-109.1565,-22.7916,engine
1789501500,2026-09-15 19:45:00,1,1,UP,UP,0.4900,0.4900,0,0,-10.3570,-10.3570,-6.9732,-6.6745,-121.8446,-19.7751,-116.1097,-28.2839,engine
1789502400,2026-09-15 20:00:00,1,1,DOWN,DOWN,0.4000,0.4000,1,1,14.5800,14.5800,6.9936,6.8398,-116.9920,-10.6503,-109.2166,-19.6389,engine
1789503300,2026-09-15 20:15:00,0,1,,DOWN,,0.6700,,1,0,4.6944,0,2.1295,-116.9920,-10.6503,-107.9359,-16.4557,venues
1789504200,2026-09-15 20:30:00,1,1,UP,UP,0.4900,0.4900,0,0,-10.3570,-10.3570,-7.0974,-6.6213,-124.3097,-18.6273,-113.9743,-22.0212,engine
1789505700,2026-09-15 20:55:00,1,0,DOWN,,0.4500,,1,,11.8372,0,5.2795,0,-118.5400,-11.7850,-113.9743,-22.0212,engine
1789508100,2026-09-15 21:35:00,1,1,UP,UP,0.6100,0.6100,0,0,-10.2730,-10.2730,-6.8038,-6.9062,-127.9405,-19.3671,-121.1596,-27.7088,engine
1789509600,2026-09-15 22:00:00,1,1,DOWN,DOWN,0.4500,0.4500,0,0,-10.3850,-10.3850,-6.8259,-6.5673,-131.9546,-23.9304,-129.4119,-35.4893,engine
1789510800,2026-09-15 22:20:00,1,0,DOWN,,0.4800,,0,,-10.3640,0,-6.9379,0,-140.8473,-31.2855,-129.4119,-35.4893,venues
1789511400,2026-09-15 22:30:00,1,1,UP,UP,0.4500,0.4500,1,1,11.8372,11.8372,5.3761,5.7502,-137.3113,-25.3756,-125.2267,-25.3352,venues
1789514100,2026-09-15 23:15:00,1,1,DOWN,DOWN,0.4000,0.4000,0,0,-10.4200,-10.4200,-6.8604,-6.7759,-143.6411,-32.2595,-131.6519,-33.0019,venues
1789517100,2026-09-16 00:05:00,1,0,DOWN,,0.3800,,0,,-10.4340,0,-6.5565,0,-152.6653,-39.0885,-131.6519,-33.0019,venues
1789518600,2026-09-16 00:30:00,1,1,DOWN,DOWN,0.3900,0.4600,0,0,-10.4270,-10.3780,-6.8642,-7.0088,-159.3408,-45.2135,-138.2405,-37.2065,venues
1789521000,2026-09-16 01:10:00,0,1,,DOWN,,0.8100,,0,0,-10.1330,0,-6.6815,-159.3408,-45.2135,-146.4610,-43.5442,venues
1789529400,2026-09-16 03:30:00,1,1,UP,UP,0.5700,0.5700,0,0,-10.3010,-10.3010,-6.6275,-6.6884,-167.0799,-51.6819,-154.3595,-50.8508,venues
1789533600,2026-09-16 04:40:00,1,1,DOWN,DOWN,0.6400,0.6400,1,1,5.3730,5.3730,2.4805,2.4879,-164.4952,-49.2287,-151.8372,-48.3320,venues
1789534500,2026-09-16 04:55:00,1,0,DOWN,,0.3800,,0,,-10.4340,0,-7.0766,0,-171.6948,-56.5476,-151.8372,-48.3320,venues
1789535100,2026-09-16 05:05:00,1,1,DOWN,DOWN,0.5000,0.5000,0,0,-10.3500,-10.3500,-6.7105,-6.5132,-178.2749,-59.6494,-159.6427,-54.7396,venues
1789536000,2026-09-16 05:20:00,1,1,DOWN,DOWN,0.6600,0.6600,0,0,-10.2380,-10.2380,-6.6369,-6.7213,-186.6763,-65.3707,-167.2232,-61.6038,venues
1789538700,2026-09-16 06:05:00,1,1,UP,UP,0.4300,0.4300,1,1,12.8568,12.8568,6.0804,6.0027,-180.3030,-58.6293,-160.0859,-55.7471,venues
1789544400,2026-09-16 07:40:00,1,1,DOWN,DOWN,0.4600,0.4600,1,1,11.3611,11.3611,5.3929,5.3538,-177.0798,-53.0213,-155.1036,-48.3049,venues
1789546800,2026-09-16 08:20:00,1,1,DOWN,DOWN,0.4600,0.4600,1,1,11.3611,11.3611,5.2475,5.3326,-172.0477,-47.4298,-148.3631,-42.0241,venues
1789556400,2026-09-16 11:00:00,1,1,DOWN,DOWN,0.3600,0.3600,0,0,-10.4480,-10.4480,-6.7639,-6.9201,-180.2075,-52.6819,-156.7489,-50.4151,venues
1789559400,2026-09-16 11:50:00,1,0,DOWN,,0.3800,,0,,-10.4340,0,-6.8596,0,-187.9926,-59.3419,-156.7489,-50.4151,engine
1789560900,2026-09-16 12:15:00,1,0,UP,,0.3900,,0,,-10.4270,0,-6.6344,0,-193.6611,-69.1218,-156.7489,-50.4151,venues
1789563000,2026-09-16 12:50:00,1,0,DOWN,,0.4700,,1,,10.9056,0,4.7067,0,-189.3573,-61.3125,-156.7489,-50.4151,venues
1789567500,2026-09-16 14:05:00,0,1,,DOWN,,0.7100,,0,0,-10.2030,0,-6.5122,-189.3573,-61.3125,-165.4671,-56.0365,venues
1789575900,2026-09-16 16:25:00,1,0,UP,,0.4000,,0,,-10.4200,0,-6.5259,0,-197.1290,-65.7650,-165.4671,-56.0365,venues
1789576200,2026-09-16 16:30:00,1,1,DOWN,DOWN,0.5100,0.5100,1,1,9.2648,9.2648,4.4690,4.5281,-192.2928,-62.2024,-161.6377,-52.8359,venues
1789576500,2026-09-16 16:35:00,1,0,DOWN,,0.4400,,0,,-10.3920,0,-6.8308,0,-201.4406,-69.8578,-161.6377,-52.8359,venues
1789586700,2026-09-16 19:25:00,1,1,DOWN,UP,0.3900,0.5400,1,0,15.2140,-10.3220,7.1483,-6.7336,-192.5938,-61.7727,-168.4777,-57.5631,engine
1789587000,2026-09-16 19:30:00,1,1,DOWN,DOWN,0.3900,0.3900,0,0,-10.4270,-10.4270,-6.5938,-6.6033,-200.7398,-66.8700,-174.3174,-66.1582,engine
1789587300,2026-09-16 19:35:00,1,1,DOWN,DOWN,0.3100,0.3100,0,0,-10.4830,-10.4830,-6.7215,-6.9003,-208.8117,-71.9364,-181.3210,-71.3124,engine
1789587600,2026-09-16 19:40:00,1,0,DOWN,,0.4400,,0,,-10.3920,0,-6.6446,0,-216.0651,-79.6781,-181.3210,-71.3124,engine
1789588500,2026-09-16 19:55:00,0,1,,DOWN,,0.6900,,0,0,-10.2170,0,-6.7759,-216.0651,-79.6781,-188.3366,-77.2436,engine
1789601100,2026-09-16 23:25:00,1,1,UP,UP,0.4100,0.4100,0,0,-10.4130,-10.4130,-6.7604,-6.4603,-223.5864,-84.0058,-194.8080,-80.8683,engine
1789603800,2026-09-17 00:10:00,1,1,DOWN,DOWN,0.5900,0.5900,0,0,-10.2870,-10.2870,-6.6590,-6.5257,-229.8399,-92.1385,-202.8792,-86.1788,engine
1789605300,2026-09-17 00:35:00,1,1,UP,UP,0.5500,0.5500,1,1,7.8668,7.8668,3.8713,3.3688,-227.1551,-86.1312,-199.6608,-83.1800,engine
1789609200,2026-09-17 01:40:00,1,1,UP,UP,0.3700,0.3700,0,0,-10.4410,-10.4410,-6.8953,-6.6455,-234.0783,-92.6921,-207.7883,-88.9833,engine
1789616700,2026-09-17 03:45:00,1,0,DOWN,,0.4400,,1,,12.3353,0,5.5482,0,-229.8512,-87.4302,-207.7883,-88.9833,engine
1789617900,2026-09-17 04:05:00,1,0,DOWN,,0.3800,,1,,15.8818,0,7.4087,0,-223.7786,-75.1099,-207.7883,-88.9833,engine
1789620000,2026-09-17 04:40:00,1,0,DOWN,,0.3600,,0,,-10.4480,0,-7.0129,0,-230.1805,-83.7731,-207.7883,-88.9833,engine
1789622700,2026-09-17 05:25:00,1,1,DOWN,DOWN,0.5100,0.5100,0,0,-10.3430,-10.3430,-6.7261,-6.6229,-238.5373,-89.5842,-213.4349,-95.2077,engine
1789623300,2026-09-17 05:35:00,1,1,DOWN,DOWN,0.3900,0.4200,1,1,15.2140,13.4035,6.7074,6.3687,-229.2878,-83.9962,-208.3886,-87.3683,engine
1789639800,2026-09-17 10:10:00,1,0,UP,,0.4700,,1,,10.9056,0,5.1892,0,-225.2430,-78.5530,-208.3886,-87.3683,engine
1789645200,2026-09-17 11:40:00,1,1,UP,UP,0.5400,0.5400,0,0,-10.3220,-10.3220,-6.7949,-6.4859,-232.0012,-82.6550,-216.6996,-93.2409,engine
1789646400,2026-09-17 12:00:00,1,1,DOWN,DOWN,0.3300,0.3300,0,0,-10.4690,-10.4690,-6.5677,-6.5462,-239.1685,-90.3173,-222.8768,-100.0077,engine
1789646700,2026-09-17 12:05:00,1,1,UP,UP,0.5500,0.5500,1,1,7.8668,7.8668,3.7942,3.6738,-235.1299,-86.3276,-219.7317,-95.1938,engine
1789647600,2026-09-17 12:20:00,1,1,DOWN,DOWN,0.6400,0.6400,0,0,-10.2520,-10.2520,-6.8311,-6.8102,-241.5729,-92.3511,-225.1717,-100.7627,engine
1789648200,2026-09-17 12:30:00,1,1,DOWN,DOWN,0.4800,0.4600,0,0,-10.3640,-10.3780,-6.7912,-6.7479,-249.1213,-100.0904,-233.1778,-106.1411,engine
1789648500,2026-09-17 12:35:00,1,1,DOWN,DOWN,0.5900,0.5900,1,1,6.6622,6.6622,3.0398,3.0287,-244.3335,-96.9464,-229.9188,-103.7589,engine
1789652700,2026-09-17 13:45:00,1,1,UP,UP,0.5200,0.5200,1,1,8.8948,8.8948,3.9396,4.1652,-240.8707,-93.4511,-226.9073,-101.1977,engine
1789653300,2026-09-17 13:55:00,1,1,UP,UP,0.4300,0.4500,1,1,12.8568,11.8372,6.2457,5.3774,-238.2040,-87.1360,-221.0086,-95.2210,engine
1789657500,2026-09-17 15:05:00,1,1,UP,UP,0.5000,0.5000,1,1,9.6500,9.6500,4.4847,4.4693,-232.9656,-84.9642,-220.5637,-89.6347,engine
1789659900,2026-09-17 15:45:00,1,1,UP,UP,0.4600,0.4600,0,0,-10.3780,-10.3780,-6.5727,-6.7086,-240.0570,-88.3994,-229.1006,-95.7454,engine
1789660500,2026-09-17 15:55:00,1,0,UP,,0.4000,,1,,14.5800,0,6.8689,0,-236.5730,-83.8482,-229.1006,-95.7454,engine
1789661100,2026-09-17 16:05:00,1,0,UP,,0.4800,,0,,-10.3640,0,-6.8539,0,-241.1561,-89.3071,-229.1006,-95.7454,engine
1789662000,2026-09-17 16:20:00,1,0,UP,,0.4500,,1,,11.8372,0,5.8027,0,-237.0637,-82.4097,-229.1006,-95.7454,engine
1789682100,2026-09-17 21:55:00,1,0,DOWN,,0.4500,,1,,11.8372,0,5.7988,0,-231.2529,-76.4214,-229.1006,-95.7454,engine
1789682700,2026-09-17 22:05:00,1,1,DOWN,DOWN,0.6200,0.6200,1,1,5.8630,5.8630,2.6911,2.7304,-226.2908,-74.6678,-225.3839,-94.2081,engine
1789683000,2026-09-17 22:10:00,1,0,DOWN,,0.3900,,0,,-10.4270,0,-7.1249,0,-234.9874,-79.3359,-225.3839,-94.2081,engine
1789690200,2026-09-18 00:10:00,1,0,DOWN,,0.3700,,0,,-10.4410,0,-6.7488,0,-243.0445,-85.8036,-225.3839,-94.2081,engine
1789693500,2026-09-18 01:05:00,1,1,DOWN,DOWN,0.4200,0.4200,0,0,-10.4060,-10.4060,-6.7271,-6.7567,-251.5774,-93.1038,-230.6706,-98.5606,engine
1789694100,2026-09-18 01:15:00,1,1,UP,UP,0.5100,0.5100,0,0,-10.3430,-10.3430,-6.7662,-6.8081,-257.0507,-97.0080,-239.1838,-106.5583,engine
1789701900,2026-09-18 03:25:00,1,1,UP,UP,0.4700,0.4700,1,1,10.9056,10.9056,5.1241,5.2867,-253.3961,-92.4624,-235.7531,-98.4218,engine
1789703100,2026-09-18 03:45:00,1,0,DOWN,,0.4800,,0,,-10.3640,0,-6.3986,0,-258.4345,-98.7077,-235.7531,-98.4218,engine
1789706700,2026-09-18 04:45:00,1,1,DOWN,DOWN,0.3800,0.3800,1,1,15.8818,15.8818,7.5635,7.0189,-249.7640,-88.8202,-228.9408,-94.0722,engine
1789707600,2026-09-18 05:00:00,1,1,DOWN,DOWN,0.5900,0.5900,1,1,6.6622,6.6622,3.0924,3.0195,-248.6249,-84.7445,-226.7025,-90.7052,engine
1789714200,2026-09-18 06:50:00,1,1,DOWN,DOWN,0.5700,0.5700,1,1,7.2429,7.2429,3.2051,3.5778,-244.4014,-79.5568,-222.5160,-85.7760,engine
1789714800,2026-09-18 07:00:00,1,0,DOWN,,0.4400,,0,,-10.3920,0,-6.8525,0,-251.5892,-88.8520,-222.5160,-85.7760,engine
1789716000,2026-09-18 07:20:00,1,1,DOWN,DOWN,0.4600,0.4600,0,0,-10.3780,-10.3780,-6.6980,-6.6257,-259.4337,-95.9907,-230.2136,-91.8134,engine
1789716300,2026-09-18 07:25:00,1,1,UP,UP,0.4600,0.4600,0,0,-10.3780,-10.3780,-6.5725,-6.5835,-267.3538,-102.5720,-236.5711,-98.5916,engine
1789716600,2026-09-18 07:30:00,1,0,DOWN,,0.3900,,0,,-10.4270,0,-6.6666,0,-275.8206,-108.8921,-236.5711,-98.5916,engine
1789716900,2026-09-18 07:35:00,1,0,DOWN,,0.3900,,1,,15.2140,0,7.3404,0,-267.6140,-100.8167,-236.5711,-98.5916,engine
1789717200,2026-09-18 07:40:00,1,1,UP,UP,0.4300,0.4300,1,1,12.8568,12.8568,5.9852,5.9736,-260.2317,-95.8369,-230.3540,-89.9117,engine
1789718100,2026-09-18 07:55:00,1,1,DOWN,DOWN,0.4900,0.5300,0,0,-10.3570,-10.3290,-6.7158,-6.8831,-268.4169,-101.7347,-237.9333,-96.1722,engine
1789719300,2026-09-18 08:15:00,1,1,UP,UP,0.4900,0.4900,1,1,10.0512,10.0512,4.8163,4.4715,-265.0588,-99.1323,-233.7892,-89.4933,engine
1789730100,2026-09-18 11:15:00,1,1,DOWN,DOWN,0.4000,0.4000,0,0,-10.4200,-10.4200,-6.8393,-6.6724,-271.8851,-100.1600,-242.6592,-97.6608,engine
1789733100,2026-09-18 12:05:00,1,1,DOWN,DOWN,0.5500,0.5500,1,1,7.8668,7.8668,3.7351,3.6711,-269.2591,-95.7334,-240.1290,-95.3574,engine
1789735200,2026-09-18 12:40:00,1,1,DOWN,DOWN,0.4000,0.5600,0,0,-10.4200,-10.3080,-6.8074,-6.8885,-275.5943,-102.8201,-247.2292,-100.3278,engine
1789737900,2026-09-18 13:25:00,1,1,UP,UP,0.5100,0.5100,1,1,9.2648,9.2648,4.3352,4.3027,-272.5264,-98.6256,-241.2855,-97.3284,engine
1789738800,2026-09-18 13:40:00,1,1,DOWN,DOWN,0.3300,0.3300,0,0,-10.4690,-10.4690,-6.9869,-6.6622,-275.7990,-105.6385,-248.3347,-102.4415,engine
1789740300,2026-09-18 14:05:00,1,1,DOWN,DOWN,0.3400,0.3400,1,1,18.9498,18.9498,9.2278,8.6366,-267.4143,-95.4491,-240.7020,-94.0175,engine
1789740600,2026-09-18 14:10:00,1,1,DOWN,UP,0.4200,0.7500,0,1,-10.4060,3.1583,-6.5906,1.4604,-273.8530,-101.5146,-238.9451,-91.5426,engine
1789742100,2026-09-18 14:35:00,1,1,DOWN,DOWN,0.4900,0.6400,1,1,10.0512,5.3730,4.5783,2.4956,-270.4688,-96.3852,-235.3378,-90.4344,engine
1789743000,2026-09-18 14:50:00,1,1,UP,UP,0.4800,0.4800,0,0,-10.3640,-10.3640,-6.6371,-6.5840,-276.7940,-105.0401,-244.9542,-96.7020,engine
1789743600,2026-09-18 15:00:00,1,1,DOWN,DOWN,0.4800,0.4800,1,1,10.4693,10.4693,4.7768,5.0167,-272.9756,-99.2658,-240.9032,-91.2968,engine
1789745700,2026-09-18 15:35:00,1,1,DOWN,DOWN,0.5600,0.5600,0,0,-10.3080,-10.3080,-6.4062,-6.8255,-276.8355,-106.4228,-247.0021,-96.1155,engine
1789746300,2026-09-18 15:45:00,1,1,UP,UP,0.3900,0.3900,1,1,15.2140,15.2140,7.1361,7.4306,-270.2148,-99.0407,-240.2339,-89.5106,engine
1789747200,2026-09-18 16:00:00,1,1,DOWN,DOWN,0.4100,0.4900,0,0,-10.4130,-10.3570,-6.7821,-6.6742,-278.5679,-104.5844,-247.5146,-93.9566,engine
1789747500,2026-09-18 16:05:00,1,1,DOWN,DOWN,0.2700,0.2700,0,0,-10.5110,-10.5110,-6.7935,-6.8982,-288.7163,-113.1593,-255.9332,-103.3381,engine
1789748100,2026-09-18 16:15:00,1,0,DOWN,,0.3700,,0,,-10.4410,0,-7.0494,0,-295.9909,-117.6108,-255.9332,-103.3381,engine
1789748700,2026-09-18 16:25:00,1,1,DOWN,DOWN,0.4300,0.4300,0,0,-10.3990,-10.3990,-6.6592,-6.5959,-300.7501,-126.3085,-263.3333,-109.2333,engine
1789751100,2026-09-18 17:05:00,1,1,DOWN,DOWN,0.3900,0.5300,1,1,15.2140,8.5389,7.4067,4.0373,-296.2518,-118.9749,-259.9502,-105.2584,engine
1789751400,2026-09-18 17:10:00,1,1,UP,UP,0.4700,0.4700,1,1,10.9056,10.9056,5.2490,5.0212,-290.2246,-112.5855,-253.8283,-99.7330,engine
1789751700,2026-09-18 17:15:00,1,1,DOWN,DOWN,0.5200,0.5200,1,1,8.8948,8.8948,4.1841,4.3273,-286.8831,-107.4604,-249.6642,-96.0047,engine
1789752300,2026-09-18 17:25:00,1,1,DOWN,DOWN,0.3700,0.4300,0,0,-10.4410,-10.3990,-6.7471,-6.6275,-295.4396,-113.1643,-255.7048,-100.2171,engine
1789755000,2026-09-18 18:10:00,1,0,DOWN,,0.3900,,1,,15.2140,0,7.1212,0,-286.5606,-106.2350,-255.7048,-100.2171,engine
1789756500,2026-09-18 18:35:00,1,0,DOWN,,0.4000,,0,,-10.4200,0,-6.6818,0,-295.5225,-113.0272,-255.7048,-100.2171,engine
1789758900,2026-09-18 19:15:00,1,1,DOWN,DOWN,0.3100,0.3100,0,0,-10.4830,-10.4830,-6.6937,-6.9750,-301.4796,-119.4013,-263.4310,-108.9945,engine
1789761300,2026-09-18 19:55:00,1,1,UP,UP,0.5400,0.5400,1,1,8.1965,8.1965,3.7876,3.6546,-297.9876,-115.8163,-260.1235,-105.3948,engine
1789761900,2026-09-18 20:05:00,1,1,DOWN,DOWN,0.6100,0.6100,1,1,6.1204,6.1204,2.7762,2.8336,-295.1781,-113.0272,-255.8824,-103.5753,engine
1789764600,2026-09-18 20:50:00,1,0,UP,,0.4700,,0,,-10.3710,0,-6.7647,0,-303.0674,-120.1704,-255.8824,-103.5753,engine
1789764900,2026-09-18 20:55:00,1,1,UP,UP,0.4500,0.4500,0,0,-10.3850,-10.3850,-6.7119,-6.6508,-309.9824,-123.3995,-263.2282,-110.7145,engine
1789768200,2026-09-18 21:50:00,1,1,DOWN,DOWN,0.4400,0.4400,0,0,-10.3920,-10.3920,-6.6758,-6.9963,-317.7108,-131.3903,-271.3790,-116.9466,engine
1789771200,2026-09-18 22:40:00,1,1,DOWN,DOWN,0.4100,0.5300,1,1,13.9772,8.5389,7.1171,4.1308,-308.8958,-124.4609,-267.7572,-113.9044,engine
1789771800,2026-09-18 22:50:00,1,1,DOWN,DOWN,0.3400,0.3400,0,0,-10.4620,-10.4620,-6.9196,-7.0764,-317.0165,-131.1040,-275.2015,-119.6790,engine
1789775400,2026-09-18 23:50:00,1,0,DOWN,,0.4000,,0,,-10.4200,0,-6.8905,0,-325.1294,-136.4662,-275.2015,-119.6790,engine
1789779600,2026-09-19 01:00:00,1,1,DOWN,DOWN,0.5900,0.5900,1,1,6.6622,6.6622,3.0260,3.1806,-322.9165,-135.2534,-270.9228,-115.5300,engine
1789779900,2026-09-19 01:05:00,1,1,UP,UP,0.3600,0.3600,0,0,-10.4480,-10.4480,-6.6593,-6.9517,-328.4532,-140.9644,-280.5631,-122.9801,engine
1789787100,2026-09-19 03:05:00,1,1,DOWN,DOWN,0.4500,0.4500,1,1,11.8372,11.8372,5.5288,5.6828,-324.7383,-135.2534,-275.1194,-117.6321,engine
1789793400,2026-09-19 04:50:00,1,0,DOWN,,0.3700,,0,,-10.4410,0,-6.8533,0,-331.6330,-141.3713,-275.1194,-117.6321,engine
1790001300,2026-09-21 14:35:00,1,1,DOWN,DOWN,0.5000,0.5000,1,1,9.6500,9.6500,4.5084,4.3568,-327.5360,-135.2645,-272.1491,-112.3091,engine
1790001600,2026-09-21 14:40:00,0,1,,DOWN,,0.6300,,1,0,5.6140,0,2.5934,-327.5360,-135.2645,-269.2848,-110.1567,engine
1790002200,2026-09-21 14:50:00,1,0,DOWN,,0.3700,,0,,-10.4410,0,-6.7695,0,-334.9207,-143.1344,-269.2848,-110.1567,engine
1790003400,2026-09-21 15:10:00,1,1,DOWN,DOWN,0.3000,0.3000,0,0,-10.4900,-10.4900,-6.7787,-6.3918,-342.9842,-147.9823,-273.5914,-117.6321,engine
1790005200,2026-09-21 15:40:00,1,1,DOWN,DOWN,0.3900,0.6400,0,0,-10.4270,-10.2520,-6.9573,-6.5750,-352.4428,-153.5958,-281.8394,-120.5797,engine
1790005500,2026-09-21 15:45:00,1,0,DOWN,,0.4300,,0,,-10.3990,0,-6.7630,0,-355.7893,-156.9733,-281.8394,-120.5797,engine
1790006700,2026-09-21 16:05:00,1,1,UP,UP,0.4800,0.4800,0,0,-10.3640,-10.3640,-6.6579,-6.9167,-363.7385,-164.9313,-287.3381,-127.8989,engine
1790007000,2026-09-21 16:10:00,1,1,DOWN,DOWN,0.3900,0.5500,1,1,15.2140,7.8668,7.4510,3.4752,-360.1548,-157.1666,-284.1371,-122.6070,engine
1790007600,2026-09-21 16:20:00,1,1,DOWN,DOWN,0.4000,0.4000,0,0,-10.4200,-10.4200,-6.7967,-6.8914,-366.9424,-164.1494,-292.2196,-131.4684,engine
1790008200,2026-09-21 16:30:00,1,1,UP,UP,0.5700,0.6800,0,0,-10.3010,-10.2240,-6.5871,-6.4949,-372.0531,-166.7691,-298.6252,-134.8860,engine
1790008500,2026-09-21 16:35:00,1,1,UP,UP,0.4800,0.4800,0,0,-10.3640,-10.3640,-6.6367,-7.0282,-378.6521,-176.2573,-305.1521,-141.8290,engine
1790009700,2026-09-21 16:55:00,1,1,DOWN,DOWN,0.3300,0.3300,0,0,-10.4690,-10.4690,-6.7358,-6.9439,-387.7160,-180.3745,-311.3206,-149.5133,engine
1790011200,2026-09-21 17:20:00,1,0,DOWN,,0.4700,,0,,-10.3710,0,-6.3725,0,-393.6093,-187.0267,-311.3206,-149.5133,engine
1790011500,2026-09-21 17:25:00,1,1,UP,UP,0.5100,0.5100,1,1,9.2648,9.2648,4.3891,4.3889,-391.5297,-183.8717,-308.2076,-143.2529,engine
1790012100,2026-09-21 17:35:00,1,1,UP,UP,0.4800,0.5000,1,1,10.4693,9.6500,4.7028,4.5876,-385.9356,-176.0228,-304.9094,-138.9610,engine
1790012400,2026-09-21 17:40:00,1,1,UP,UP,0.4400,0.4400,0,0,-10.3920,-10.3920,-6.5607,-6.7685,-393.2763,-184.7740,-312.7179,-144.4906,engine
1790013600,2026-09-21 18:00:00,1,1,DOWN,DOWN,0.5500,0.5500,0,0,-10.3150,-10.3150,-6.7182,-6.8204,-400.8912,-191.5626,-319.8094,-152.8638,engine
1790013900,2026-09-21 18:05:00,1,1,DOWN,DOWN,0.4100,0.5800,0,0,-10.4130,-10.2940,-6.8334,-7.0533,-407.8783,-198.6980,-327.1377,-157.0546,engine
1790015400,2026-09-21 18:30:00,1,1,DOWN,DOWN,0.3800,0.3800,1,1,15.8818,15.8818,7.7082,7.3896,-400.6902,-186.9056,-322.3015,-151.9451,engine
1790016300,2026-09-21 18:45:00,1,1,UP,UP,0.5100,0.5100,1,1,9.2648,9.2648,4.3457,4.2394,-394.6170,-184.3673,-317.6132,-145.2831,engine
1790017800,2026-09-21 19:10:00,1,0,UP,,0.4700,,1,,10.9056,0,5.1316,0,-388.1599,-177.3705,-317.6132,-145.2831,engine
1790018400,2026-09-21 19:20:00,1,1,DOWN,DOWN,0.3900,0.3900,1,1,15.2140,15.2140,7.2208,6.9295,-382.5638,-169.0365,-310.2027,-139.5444,engine
1790019000,2026-09-21 19:30:00,1,0,DOWN,,0.4100,,0,,-10.4130,0,-6.8353,0,-387.5204,-175.5478,-310.2027,-139.5444,engine
1790019300,2026-09-21 19:35:00,0,1,,DOWN,,0.7200,,1,0,3.6929,0,1.6261,-387.5204,-175.5478,-309.5716,-136.4619,engine
1790019900,2026-09-21 19:45:00,1,1,DOWN,DOWN,0.4500,0.4500,1,1,11.8372,11.8372,5.2971,5.3971,-382.9438,-170.5929,-306.0426,-130.7887,engine
1790020800,2026-09-21 20:00:00,1,1,UP,UP,0.5500,0.5500,1,1,7.8668,7.8668,3.6179,3.5076,-379.6130,-165.6634,-302.7916,-125.0335,engine
1790021100,2026-09-21 20:05:00,1,0,DOWN,,0.4800,,0,,-10.3640,0,-6.8758,0,-388.2022,-172.5856,-302.7916,-125.0335,engine
1790021400,2026-09-21 20:10:00,1,1,UP,UP,0.4700,0.4700,1,1,10.9056,10.9056,5.3903,5.0035,-381.3900,-166.2607,-296.3433,-122.0830,engine
1790021700,2026-09-21 20:15:00,1,1,UP,UP,0.3200,0.3200,1,1,20.7740,20.7740,9.3658,8.9777,-374.5994,-159.3199,-290.1725,-109.9430,engine
1790022000,2026-09-21 20:20:00,1,1,DOWN,DOWN,0.4700,0.7600,0,0,-10.3710,-10.1680,-6.9102,-6.8054,-383.6037,-168.6965,-296.2192,-116.8336,engine
1790022900,2026-09-21 20:35:00,1,1,DOWN,DOWN,0.5300,0.5300,1,1,8.5389,8.5389,4.0273,4.1838,-380.1936,-163.8010,-293.5882,-111.0223,engine
1790023200,2026-09-21 20:40:00,1,1,UP,UP,0.4000,0.4000,0,0,-10.4200,-10.4200,-6.6727,-6.9013,-387.5732,-170.4523,-298.5920,-116.5830,engine
1790025600,2026-09-21 21:20:00,1,1,UP,UP,0.5300,0.5300,1,1,8.5389,8.5389,4.1815,4.0911,-382.8576,-164.2217,-297.7629,-114.7468,engine
1790026500,2026-09-21 21:35:00,1,0,DOWN,,0.3900,,0,,-10.4270,0,-6.5105,0,-388.7737,-169.1793,-297.7629,-114.7468,engine
1790029800,2026-09-21 22:30:00,1,0,DOWN,,0.4500,,0,,-10.3850,0,-6.8054,0,-395.9246,-176.2022,-297.7629,-114.7468,engine
1790031300,2026-09-21 22:55:00,1,0,DOWN,,0.3900,,0,,-10.4270,0,-6.6554,0,-401.6519,-181.3506,-297.7629,-114.7468,engine
1790031900,2026-09-21 23:05:00,1,0,DOWN,,0.3700,,0,,-10.4410,0,-6.9981,0,-409.7227,-189.5920,-297.7629,-114.7468,engine
1790034300,2026-09-21 23:45:00,1,1,UP,UP,0.5100,0.5100,1,1,9.2648,9.2648,4.1494,4.4486,-406.3557,-187.9972,-291.4501,-106.5862,engine
1790035500,2026-09-22 00:05:00,1,1,DOWN,DOWN,0.4400,0.4400,1,1,12.3353,12.3353,5.9952,5.8016,-402.8710,-178.8123,-288.2895,-99.1971,engine
1790036100,2026-09-22 00:15:00,1,1,DOWN,DOWN,0.3800,0.3800,1,1,15.8818,15.8818,7.3160,7.0820,-393.3861,-168.9201,-278.9033,-96.2367,engine
1790037900,2026-09-22 00:45:00,0,1,,DOWN,,0.6700,,1,0,4.6944,0,2.2055,-393.3861,-168.9201,-275.7091,-94.0444,engine
1790038800,2026-09-22 01:00:00,1,1,DOWN,DOWN,0.5400,0.4900,1,1,8.1965,10.0512,3.9205,4.7063,-391.1238,-165.2254,-270.7772,-89.3067,engine
1790039700,2026-09-22 01:15:00,1,1,DOWN,DOWN,0.4600,0.4600,1,1,11.3611,11.3611,5.3132,5.2899,-389.1517,-160.0752,-268.0241,-83.8968,engine
1790040000,2026-09-22 01:20:00,1,1,DOWN,DOWN,0.5000,0.5000,0,0,-10.3500,-10.3500,-6.8545,-6.8645,-394.7751,-166.2569,-274.5376,-90.2347,engine
1790040300,2026-09-22 01:25:00,1,1,DOWN,DOWN,0.4200,0.4200,0,0,-10.4060,-10.4060,-6.4657,-6.6640,-401.5451,-171.1895,-280.8468,-96.9591,engine
1790041200,2026-09-22 01:40:00,1,1,DOWN,DOWN,0.3900,0.4200,0,0,-10.4270,-10.4060,-6.8427,-6.5287,-411.0663,-179.8231,-287.8499,-103.8831,engine
1790042400,2026-09-22 02:00:00,1,1,DOWN,DOWN,0.3900,0.4600,1,1,15.2140,11.3611,7.0967,5.4049,-400.7313,-172.0555,-283.6132,-96.1241,engine
1790046000,2026-09-22 03:00:00,1,0,UP,,0.4300,,0,,-10.3990,0,-6.7407,0,-408.5495,-177.0670,-283.6132,-96.1241,engine
1790046900,2026-09-22 03:15:00,1,1,DOWN,DOWN,0.4400,0.4400,1,1,12.3353,12.3353,5.8846,5.9233,-402.0990,-174.9159,-276.6404,-89.2482,engine
1790049600,2026-09-22 04:00:00,1,1,DOWN,DOWN,0.5500,0.5500,0,0,-10.3150,-10.3150,-6.7571,-6.6874,-409.0544,-180.8473,-281.8602,-97.4891,engine
1790051100,2026-09-22 04:25:00,1,1,DOWN,DOWN,0.3700,0.3700,0,0,-10.4410,-10.4410,-6.6232,-6.6146,-413.6611,-187.0476,-291.1928,-104.0457,engine
1790052900,2026-09-22 04:55:00,1,0,DOWN,,0.3900,,1,,15.2140,0,7.5008,0,-406.6155,-181.8862,-291.1928,-104.0457,engine
1790057100,2026-09-22 06:05:00,1,1,UP,UP,0.3900,0.3900,1,1,15.2140,15.2140,7.2017,7.3911,-398.4573,-176.1855,-286.9405,-95.1197,engine
1790058900,2026-09-22 06:35:00,1,1,UP,UP,0.5200,0.4000,1,1,8.8948,14.5800,4.2295,6.6277,-397.4124,-171.7077,-281.1438,-88.5246,engine
1790063400,2026-09-22 07:50:00,1,1,UP,UP,0.4600,0.4600,1,1,11.3611,11.3611,5.2000,5.3050,-392.1058,-166.6908,-275.4279,-81.7842,engine
1790064300,2026-09-22 08:05:00,1,1,DOWN,DOWN,0.3600,0.3600,0,0,-10.4480,-10.4480,-6.9305,-6.9408,-401.1600,-172.6523,-283.0677,-90.3191,engine
1790066700,2026-09-22 08:45:00,0,1,,DOWN,,0.7300,,0,0,-10.1890,0,-6.6767,-401.1600,-172.6523,-291.2042,-97.0058,engine
1790067900,2026-09-22 09:05:00,1,1,UP,UP,0.5400,0.5400,1,1,8.1965,8.1965,3.9605,3.7605,-399.7922,-170.3199,-289.7808,-92.9409,engine
1790070900,2026-09-22 09:55:00,0,1,,DOWN,,0.6300,,0,0,-10.2590,0,-6.3653,-399.7922,-170.3199,-293.3766,-98.2035,engine
1790073600,2026-09-22 10:40:00,0,1,,DOWN,,0.7300,,1,0,3.5096,0,1.4805,-399.7922,-170.3199,-292.9774,-96.8550,engine
1790074500,2026-09-22 10:55:00,1,1,DOWN,DOWN,0.3800,0.3800,1,1,15.8818,15.8818,7.4446,7.3549,-388.1019,-163.7750,-285.1496,-90.7468,engine
1790075400,2026-09-22 11:10:00,1,1,UP,UP,0.5100,0.7100,1,1,9.2648,3.8815,4.3147,1.7701,-384.7330,-158.7469,-283.8648,-88.5737,engine
1790080200,2026-09-22 12:30:00,1,1,DOWN,DOWN,0.4900,0.4900,1,1,10.0512,10.0512,4.6980,4.7505,-379.1992,-151.6880,-278.3070,-84.7262,engine
1790080500,2026-09-22 12:35:00,1,1,UP,UP,0.4600,0.4600,0,0,-10.3780,-10.3780,-6.7094,-6.5615,-387.1648,-158.7469,-286.5268,-89.4373,engine
1790081400,2026-09-22 12:50:00,1,1,DOWN,DOWN,0.4400,0.7300,1,1,12.3353,3.5096,5.3931,1.6101,-380.5233,-149.8549,-284.4943,-87.5481,engine
1790090700,2026-09-22 15:25:00,1,1,UP,UP,0.5200,0.5500,0,0,-10.3360,-10.3150,-6.6387,-6.9252,-387.0811,-157.9863,-293.5866,-92.4571,engine
1790091900,2026-09-22 15:45:00,1,1,DOWN,DOWN,0.4800,0.4800,0,0,-10.3640,-10.3640,-6.7485,-6.6588,-395.6885,-165.5464,-298.2286,-99.7910,engine
1790093100,2026-09-22 16:05:00,1,0,UP,,0.4400,,0,,-10.3920,0,-6.7472,0,-401.7121,-172.2520,-298.2286,-99.7910,engine
1790093700,2026-09-22 16:15:00,1,1,DOWN,DOWN,0.4800,0.4800,1,1,10.4693,10.4693,4.9065,5.0664,-398.1757,-169.0202,-295.2202,-96.9359,engine
1790094300,2026-09-22 16:25:00,1,1,DOWN,DOWN,0.4000,0.4000,1,1,14.5800,14.5800,6.6973,6.7090,-388.5769,-155.8996,-288.7425,-87.1093,engine
1790095500,2026-09-22 16:45:00,1,1,UP,UP,0.4500,0.4500,1,1,11.8372,11.8372,5.5674,5.5745,-384.0661,-150.1885,-281.1774,-84.1503,engine
1790096100,2026-09-22 16:55:00,1,1,DOWN,DOWN,0.4500,0.4400,1,1,11.8372,12.3353,5.4403,5.7022,-381.7963,-147.2564,-277.7802,-75.3082,engine
1790097000,2026-09-22 17:10:00,0,1,,DOWN,,0.7800,,1,0,2.6665,0,1.2058,-381.7963,-147.2564,-277.1466,-74.4769,engine
1790099400,2026-09-22 17:50:00,1,1,UP,UP,0.5800,0.5800,1,1,6.9474,6.9474,3.3449,3.3364,-377.2256,-144.8408,-271.5967,-72.6706,engine
1790100300,2026-09-22 18:05:00,1,1,DOWN,DOWN,0.3700,0.3700,1,1,16.5860,16.5860,7.8143,7.7485,-371.1292,-132.6526,-263.3972,-62.7347,engine
1790102400,2026-09-22 18:40:00,0,1,,DOWN,,0.6900,,0,0,-10.2170,0,-6.5829,-371.1292,-132.6526,-271.4094,-66.0271,engine
1790103300,2026-09-22 18:55:00,1,1,DOWN,DOWN,0.3500,0.3500,1,1,18.1164,18.1164,9.0400,8.6695,-358.5515,-122.2947,-261.2901,-59.5635,engine
1790103600,2026-09-22 19:00:00,1,0,UP,,0.4700,,0,,-10.3710,0,-6.5473,0,-368.3819,-130.4626,-261.2901,-59.5635,engine
1790111400,2026-09-22 21:10:00,1,0,UP,,0.4800,,0,,-10.3640,0,-6.5413,0,-376.7099,-135.9580,-261.2901,-59.5635,engine
1790114400,2026-09-22 22:00:00,1,1,DOWN,DOWN,0.4700,0.4700,1,1,10.9056,10.9056,5.1156,5.0411,-369.9023,-132.6561,-256.5424,-52.6161,engine
1790115600,2026-09-22 22:20:00,1,1,DOWN,DOWN,0.4000,0.4600,1,1,14.5800,11.3611,6.5251,5.2331,-362.9754,-126.4441,-250.3678,-47.5158,engine
1790118600,2026-09-22 23:10:00,1,1,DOWN,DOWN,0.5600,0.5600,1,1,7.5491,7.5491,3.5646,3.6027,-362.4464,-121.8800,-249.7467,-43.5652,engine
1790122800,2026-09-23 00:20:00,1,1,DOWN,DOWN,0.3800,0.3600,0,0,-10.4340,-10.4480,-6.6819,-6.7536,-368.5097,-125.5184,-253.2864,-52.7114,engine
1790126400,2026-09-23 01:20:00,1,1,DOWN,DOWN,0.4700,0.4700,1,1,10.9056,10.9056,5.1485,5.2031,-365.7176,-123.7222,-249.9050,-49.0233,engine
1790128800,2026-09-23 02:00:00,1,1,DOWN,DOWN,0.5100,0.5100,1,1,9.2648,9.2648,4.3960,4.3485,-361.0367,-118.2447,-245.3416,-42.8113,engine
1790129400,2026-09-23 02:10:00,1,0,DOWN,,0.5400,,0,,-10.3220,0,-6.7534,0,-368.9552,-123.3826,-245.3416,-42.8113,engine
1790131500,2026-09-23 02:45:00,1,1,DOWN,DOWN,0.4500,0.4500,0,0,-10.3850,-10.3850,-6.8261,-6.4930,-375.1368,-131.0216,-252.9833,-49.5040,engine
1790137500,2026-09-23 04:25:00,1,1,DOWN,DOWN,0.4700,0.4500,1,1,10.9056,11.8372,5.1936,5.6291,-370.0612,-124.4383,-245.4892,-43.8721,engine
1790139900,2026-09-23 05:05:00,1,1,DOWN,DOWN,0.5200,0.5200,1,1,8.8948,8.8948,4.0854,4.2417,-364.6025,-120.2053,-242.4307,-37.3207,engine
1790140200,2026-09-23 05:10:00,1,0,DOWN,,0.3700,,0,,-10.4410,0,-6.8526,0,-370.1615,-126.7782,-242.4307,-37.3207,engine
1790143500,2026-09-23 06:05:00,1,1,UP,UP,0.5100,0.5100,1,1,9.2648,9.2648,4.3251,4.3026,-364.0501,-125.1728,-238.6607,-34.4661,engine
1790147100,2026-09-23 07:05:00,1,1,UP,UP,0.4300,0.4300,0,0,-10.3990,-10.3990,-6.6180,-6.7199,-373.8893,-133.6319,-245.7846,-40.1844,engine
1790150700,2026-09-23 08:05:00,1,0,UP,,0.4500,,1,,11.8372,0,6.1180,0,-365.4558,-125.1728,-245.7846,-40.1844,engine
1790169600,2026-09-23 13:20:00,1,0,DOWN,,0.4000,,0,,-10.4200,0,-6.8382,0,-374.0820,-134.7108,-245.7846,-40.1844,engine
1790170500,2026-09-23 13:35:00,1,1,UP,UP,0.5600,0.5600,1,1,7.5491,7.5491,3.6282,3.4768,-370.3407,-127.6803,-242.7389,-38.9825,engine
1790170800,2026-09-23 13:40:00,1,1,UP,UP,0.5900,0.5900,1,1,6.6622,6.6622,3.2253,3.1788,-368.4028,-126.2760,-239.0520,-36.0284,engine
1790171400,2026-09-23 13:50:00,0,1,,DOWN,,0.6600,,1,0,4.9135,0,2.3722,-368.4028,-126.2760,-235.4481,-32.7622,engine
1790171700,2026-09-23 13:55:00,1,1,DOWN,DOWN,0.4300,0.4300,0,0,-10.3990,-10.3990,-6.8145,-6.6469,-376.6216,-132.2681,-243.5227,-39.3754,engine
1790172000,2026-09-23 14:00:00,1,0,DOWN,,0.4500,,1,,11.8372,0,5.6301,0,-372.6231,-124.0507,-243.5227,-39.3754,engine
1790172900,2026-09-23 14:15:00,0,1,,DOWN,,0.8000,,1,0,2.3600,0,0.9908,-372.6231,-124.0507,-242.4856,-39.3754,engine
1790173500,2026-09-23 14:25:00,1,1,DOWN,DOWN,0.3900,0.3900,1,1,15.2140,15.2140,6.7564,7.0476,-365.9036,-119.9328,-236.6998,-31.0115,engine
1790174100,2026-09-23 14:35:00,1,1,DOWN,DOWN,0.2500,0.2500,0,0,-10.5250,-10.5250,-6.7287,-6.6346,-373.4472,-127.0378,-244.2077,-38.3724,engine
1790174400,2026-09-23 14:40:00,1,1,DOWN,DOWN,0.4000,0.4000,1,1,14.5800,14.5800,6.6949,7.6337,-363.4783,-117.0992,-235.7187,-28.0244,engine
1790175300,2026-09-23 14:55:00,1,1,DOWN,DOWN,0.5300,0.6600,0,0,-10.3290,-10.2380,-6.7159,-6.3610,-370.5579,-123.9611,-241.9554,-31.2152,engine
1790175600,2026-09-23 15:00:00,1,0,DOWN,,0.3900,,0,,-10.4270,0,-6.8016,0,-376.7919,-129.6005,-241.9554,-31.2152,engine
1790175900,2026-09-23 15:05:00,1,1,DOWN,DOWN,0.4700,0.4600,0,0,-10.3710,-10.3780,-6.8800,-6.8224,-383.8800,-136.3600,-250.8196,-36.7328,engine
1790176200,2026-09-23 15:10:00,1,1,UP,UP,0.5600,0.5600,1,1,7.5491,7.5491,3.6263,3.4004,-381.2850,-131.8043,-245.9002,-30.0020,engine
1790176500,2026-09-23 15:15:00,1,1,DOWN,DOWN,0.3900,0.6700,1,1,15.2140,4.6944,6.9218,2.1053,-371.8828,-123.6634,-243.9984,-30.0020,engine
1790176800,2026-09-23 15:20:00,1,1,DOWN,DOWN,0.4900,0.4900,1,1,10.0512,10.0512,4.7046,4.6563,-368.8578,-119.6739,-239.5693,-26.8054,engine
1790177700,2026-09-23 15:35:00,1,1,DOWN,DOWN,0.5000,0.5000,1,1,9.6500,9.6500,4.4389,4.7059,-362.8701,-113.6593,-236.1643,-20.4566,engine
1790178600,2026-09-23 15:50:00,1,1,DOWN,DOWN,0.5000,0.5000,1,1,9.6500,9.6500,4.9094,4.6576,-359.6484,-111.1994,-233.9231,-13.8450,engine
1790178900,2026-09-23 15:55:00,1,1,UP,UP,0.4500,0.4500,0,0,-10.3850,-10.3850,-6.9599,-6.5772,-364.7191,-117.3679,-240.0805,-21.0172,engine
1790179800,2026-09-23 16:10:00,1,1,DOWN,DOWN,0.5300,0.5300,0,0,-10.3290,-10.3290,-6.7900,-6.3772,-372.7230,-122.9366,-246.2390,-30.8353,engine
1790180100,2026-09-23 16:15:00,0,1,,DOWN,,0.6400,,1,0,5.3730,0,2.4269,-372.7230,-122.9366,-243.5704,-27.0659,engine
1790181600,2026-09-23 16:40:00,1,1,UP,UP,0.4100,0.4100,1,1,13.9772,13.9772,6.4405,6.3756,-366.7215,-114.1619,-239.0663,-16.0006,engine
1790182800,2026-09-23 17:00:00,1,1,DOWN,DOWN,0.4600,0.4600,1,1,11.3611,11.3611,5.1373,5.2481,-364.8284,-107.0870,-234.5120,-11.9101,engine
1790183100,2026-09-23 17:05:00,0,1,,DOWN,,0.7200,,1,0,3.6929,0,1.7257,-364.8284,-107.0870,-232.5027,-9.4486,engine
1790183400,2026-09-23 17:10:00,1,1,DOWN,DOWN,0.5800,0.5800,1,1,6.9474,6.9474,3.2218,3.3139,-360.5751,-107.0870,-230.3419,-7.2683,engine
1790184300,2026-09-23 17:25:00,1,0,UP,,0.4300,,0,,-10.3990,0,-6.5146,0,-365.9500,-111.4750,-230.3419,-7.2683,engine
1790191500,2026-09-23 19:25:00,1,1,DOWN,DOWN,0.4400,0.3900,1,1,12.3353,15.2140,5.4947,7.2964,-365.9182,-101.4310,-223.3787,0.8603,engine
1790193600,2026-09-23 20:00:00,1,1,DOWN,DOWN,0.4100,0.4200,1,1,13.9772,13.4035,6.6538,6.1316,-359.2882,-96.8908,-218.6068,6.3067,engine
1790202000,2026-09-23 22:20:00,1,0,DOWN,,0.4500,,1,,11.8372,0,5.6395,0,-356.9616,-91.1224,-218.6068,6.3067,engine
1790203800,2026-09-23 22:50:00,1,1,DOWN,DOWN,0.5400,0.5400,1,1,8.1965,8.1965,3.7551,4.0426,-350.8276,-85.4362,-214.2168,11.3885,engine
1790207700,2026-09-23 23:55:00,1,1,DOWN,DOWN,0.3900,0.4200,1,1,15.2140,13.4035,7.2629,6.2301,-342.9446,-74.6066,-206.9840,18.1979,engine
1790212200,2026-09-24 01:10:00,1,1,UP,UP,0.4000,0.4000,1,1,14.5800,14.5800,6.6947,6.6929,-334.4292,-69.1065,-200.5137,25.8435,engine
1790212500,2026-09-24 01:15:00,1,1,DOWN,DOWN,0.3500,0.3500,0,0,-10.4550,-10.4550,-6.8823,-6.7995,-339.7656,-78.6854,-209.5891,18.8317,engine
1790212800,2026-09-24 01:20:00,1,1,DOWN,DOWN,0.4500,0.4800,0,0,-10.3850,-10.3640,-6.5371,-6.6268,-349.7723,-81.2890,-213.0221,14.8606,engine
1790213400,2026-09-24 01:30:00,1,1,UP,UP,0.4500,0.5100,1,1,11.8372,9.2648,5.5339,4.1337,-345.4360,-77.8260,-210.6308,18.0907,engine
1790213700,2026-09-24 01:35:00,1,1,DOWN,DOWN,0.3700,0.3700,1,1,16.5860,16.5860,7.9080,7.6390,-333.7157,-68.5269,-204.8298,28.6527,engine
1790217300,2026-09-24 02:35:00,1,1,UP,UP,0.5700,0.5700,1,1,7.2429,7.2429,3.3358,3.4470,-332.1806,-65.7716,-202.9733,30.8165,engine
1790219700,2026-09-24 03:15:00,1,1,DOWN,DOWN,0.4300,0.4300,1,1,12.8568,12.8568,5.8310,6.0010,-325.0796,-60.6881,-195.8023,38.8720,engine
1790220900,2026-09-24 03:35:00,1,1,DOWN,DOWN,0.4100,0.5600,1,1,13.9772,7.5491,6.6246,3.5127,-321.5672,-50.5621,-193.8125,40.4992,engine
1790221500,2026-09-24 03:45:00,1,0,DOWN,,0.4800,,1,,10.4693,0,4.7312,0,-313.4891,-46.7389,-193.8125,40.4992,engine
1790223000,2026-09-24 04:10:00,1,1,DOWN,DOWN,0.5700,0.5700,1,1,7.2429,7.2429,3.4877,3.5053,-310.0882,-41.5847,-189.3094,44.0244,engine
1790229600,2026-09-24 06:00:00,1,1,UP,UP,0.3700,0.3700,1,1,16.5860,16.5860,7.4117,7.7199,-301.8115,-32.5375,-182.9238,55.2477,engine
1790231100,2026-09-24 06:25:00,1,0,DOWN,,0.3800,,0,,-10.4340,0,-6.9000,0,-308.5989,-40.0198,-182.9238,55.2477,engine
1790231400,2026-09-24 06:30:00,1,1,DOWN,DOWN,0.4000,0.7300,1,1,14.5800,3.5096,6.9343,1.5185,-302.3632,-30.7064,-180.9892,56.1065,engine
1790234400,2026-09-24 07:20:00,1,0,DOWN,,0.4500,,0,,-10.3850,0,-6.6709,0,-308.7106,-36.4548,-180.9892,56.1065,engine
1790235000,2026-09-24 07:30:00,1,0,DOWN,,0.3900,,0,,-10.4270,0,-6.6769,0,-313.3325,-44.2678,-180.9892,56.1065,engine
1790237100,2026-09-24 08:05:00,1,0,DOWN,,0.4700,,1,,10.9056,0,5.0171,0,-310.7448,-39.9096,-180.9892,56.1065,engine
1790238900,2026-09-24 08:35:00,1,1,UP,UP,0.4600,0.4600,0,0,-10.3780,-10.3780,-6.6553,-6.7796,-320.0627,-46.5867,-189.5690,46.1915,engine
1790239800,2026-09-24 08:50:00,1,1,UP,UP,0.2800,0.2800,0,0,-10.5040,-10.5040,-6.6958,-6.8201,-326.6990,-54.6476,-196.8278,38.5572,engine
1790240400,2026-09-24 09:00:00,1,1,DOWN,DOWN,0.4300,0.4300,1,1,12.8568,12.8568,5.9227,6.1592,-317.7850,-49.7769,-188.4873,46.9947,engine
1790241600,2026-09-24 09:20:00,1,1,DOWN,DOWN,0.3100,0.3100,1,1,21.7751,21.7751,10.2112,10.2452,-312.3321,-34.6062,-181.6869,59.7177,engine
1790244600,2026-09-24 10:10:00,0,1,,DOWN,,0.7200,,1,0,3.6929,0,1.6387,-312.3321,-34.6062,-181.0107,60.5019,engine
1790247000,2026-09-24 10:50:00,1,1,DOWN,DOWN,0.3800,0.4000,0,0,-10.4340,-10.4200,-6.7947,-6.7853,-321.1618,-41.7185,-186.6299,52.0845,engine
1790248200,2026-09-24 11:10:00,1,0,DOWN,,0.4700,,0,,-10.3710,0,-6.8576,0,-330.0847,-51.1048,-186.6299,52.0845,engine
1790250000,2026-09-24 11:40:00,1,1,DOWN,DOWN,0.3800,0.3800,1,1,15.8818,15.8818,7.0669,7.3915,-322.7101,-43.4671,-179.2104,59.8445,engine
1790251800,2026-09-24 12:10:00,1,0,DOWN,,0.5400,,1,,8.1965,0,4.0876,0,-319.0019,-39.5652,-179.2104,59.8445,engine
1790254200,2026-09-24 12:50:00,1,0,UP,,0.4300,,0,,-10.3990,0,-6.6058,0,-323.2147,-43.8159,-179.2104,59.8445,engine
1790256000,2026-09-24 13:20:00,1,0,DOWN,,0.4900,,1,,10.0512,0,4.7004,0,-319.7512,-41.6984,-179.2104,59.8445,engine
1790257500,2026-09-24 13:45:00,1,1,UP,UP,0.5100,0.5100,0,0,-10.3430,-10.3430,-6.6130,-6.9027,-326.3267,-46.6220,-186.6299,54.8161,engine
1790259300,2026-09-24 14:15:00,1,1,UP,UP,0.5100,0.5100,1,1,9.2648,9.2648,4.4406,4.4666,-321.0979,-41.5888,-181.8220,59.6076,engine
1790260200,2026-09-24 14:30:00,1,1,UP,UP,0.4900,0.4900,0,0,-10.3570,-10.3570,-6.5710,-6.8380,-330.5761,-48.9369,-186.5532,53.4946,engine
1790260800,2026-09-24 14:40:00,1,1,DOWN,DOWN,0.4200,0.4200,1,1,13.4035,13.4035,6.3241,6.2430,-322.6059,-43.3140,-180.2817,63.3319,engine
1790261700,2026-09-24 14:55:00,1,1,DOWN,DOWN,0.4500,0.4500,1,1,11.8372,11.8372,5.6576,5.4438,-317.7501,-36.5980,-177.0575,64.4824,engine
1790262000,2026-09-24 15:00:00,1,1,DOWN,DOWN,0.3700,0.3700,0,0,-10.4410,-10.4410,-6.7390,-6.7267,-325.0788,-44.2414,-185.8926,56.2275,engine
1790264700,2026-09-24 15:45:00,1,1,DOWN,DOWN,0.5700,0.5700,1,1,7.2429,7.2429,3.4516,3.3497,-321.4167,-38.9893,-180.7191,62.3888,engine
1790265300,2026-09-24 15:55:00,1,1,DOWN,DOWN,0.5200,0.5200,0,0,-10.3360,-10.3360,-6.6895,-6.7431,-330.0177,-47.8937,-188.5947,53.4347,engine
1790265900,2026-09-24 16:05:00,1,0,DOWN,,0.4800,,1,,10.4693,0,4.9158,0,-325.6158,-43.7685,-188.5947,53.4347,engine
1790268300,2026-09-24 16:45:00,1,1,UP,UP,0.4900,0.4900,1,1,10.0512,10.0512,4.7317,4.7718,-321.3526,-37.8506,-183.0263,59.1727,engine
1790268900,2026-09-24 16:55:00,1,1,DOWN,DOWN,0.4000,0.4000,0,0,-10.4200,-10.4200,-6.5801,-6.4752,-329.3828,-45.2886,-190.9783,48.9328,engine
1790270100,2026-09-24 17:15:00,1,1,DOWN,DOWN,0.4900,0.4900,1,1,10.0512,10.0512,4.7145,4.6485,-325.7819,-38.3311,-187.2022,53.2264,engine
1790270400,2026-09-24 17:20:00,1,1,UP,UP,0.4700,0.4700,0,0,-10.3710,-10.3710,-6.5592,-6.9833,-333.5257,-44.4546,-192.9330,50.1280,engine
1790274900,2026-09-24 18:35:00,1,1,UP,UP,0.3900,0.3900,1,1,15.2140,15.2140,6.9378,7.2292,-324.7487,-36.6397,-186.6965,56.4994,engine
1790277300,2026-09-24 19:15:00,1,1,UP,UP,0.4800,0.4800,0,0,-10.3640,-10.3640,-6.6047,-6.7904,-330.6492,-41.7001,-188.5388,49.3549,engine
1790279400,2026-09-24 19:50:00,1,0,DOWN,,0.4800,,0,,-10.3640,0,-6.5838,0,-338.2845,-48.3475,-188.5388,49.3549,engine
1790280000,2026-09-24 20:00:00,1,1,DOWN,DOWN,0.4300,0.4300,0,0,-10.3990,-10.3990,-6.6683,-6.7524,-345.3911,-56.5498,-197.6262,43.0836,engine
1790280300,2026-09-24 20:05:00,1,1,UP,UP,0.4800,0.3700,0,0,-10.3640,-10.4410,-6.6572,-6.6451,-348.6892,-58.7645,-207.8154,39.1029,engine
1790280900,2026-09-24 20:15:00,1,1,UP,UP,0.4000,0.4000,1,1,14.5800,14.5800,7.0258,6.7284,-345.3911,-55.0477,-202.4423,47.8319,engine
1790283000,2026-09-24 20:50:00,1,1,DOWN,DOWN,0.4000,0.6600,1,1,14.5800,4.9135,6.8467,2.2654,-337.3447,-47.5837,-201.3778,48.8051,engine
1790284500,2026-09-24 21:15:00,1,0,DOWN,,0.3900,,0,,-10.4270,0,-6.7189,0,-343.2188,-54.2971,-201.3778,48.8051,engine
1790289900,2026-09-24 22:45:00,1,0,DOWN,,0.4400,,0,,-10.3920,0,-6.6349,0,-347.6969,-58.0120,-201.3778,48.8051,engine
1790290800,2026-09-24 23:00:00,1,0,DOWN,,0.4400,,0,,-10.3920,0,-6.7793,0,-356.3004,-65.7537,-201.3778,48.8051,engine
1790295600,2026-09-25 00:20:00,1,0,DOWN,,0.3900,,0,,-10.4270,0,-6.8427,0,-365.0933,-73.6642,-201.3778,48.8051,engine
1790295900,2026-09-25 00:25:00,1,1,DOWN,DOWN,0.5200,0.5200,0,0,-10.3360,-10.3360,-6.7312,-6.6599,-371.6745,-77.7512,-205.7895,42.3910,engine
1790301600,2026-09-25 02:00:00,1,0,DOWN,,0.4800,,0,,-10.3640,0,-6.7909,0,-376.3385,-82.8797,-205.7895,42.3910,engine
1790301900,2026-09-25 02:05:00,1,1,DOWN,DOWN,0.5100,0.3700,1,1,9.2648,16.5860,4.4721,7.6240,-369.6372,-79.6526,-199.1688,49.1367,engine
1790303400,2026-09-25 02:30:00,1,0,DOWN,,0.4400,,1,,12.3353,0,5.9547,0,-365.3813,-73.6697,-199.1688,49.1367,engine
1790306100,2026-09-25 03:15:00,1,1,DOWN,DOWN,0.4800,0.4300,1,1,10.4693,12.8568,4.7604,5.9739,-359.7452,-69.3867,-194.5299,57.3319,engine
1790316900,2026-09-25 06:15:00,1,1,DOWN,DOWN,0.4400,0.4400,0,0,-10.3920,-10.3920,-6.8415,-6.6137,-364.5964,-76.1511,-201.3508,48.5192,engine
1790320200,2026-09-25 07:10:00,1,1,DOWN,DOWN,0.4000,0.4000,0,0,-10.4200,-10.4200,-6.6940,-6.8400,-373.1297,-79.7731,-207.8884,43.4431,engine
1790334600,2026-09-25 11:10:00,1,1,UP,UP,0.4600,0.4600,1,1,11.3611,11.3611,5.5190,5.4640,-370.0630,-77.9472,-200.9893,47.0572,engine
1790335500,2026-09-25 11:25:00,1,1,DOWN,DOWN,0.4300,0.4300,0,0,-10.3990,-10.3990,-6.6492,-6.8464,-374.3760,-86.6192,-211.1774,40.2724,engine
1790336100,2026-09-25 11:35:00,1,1,DOWN,DOWN,0.5000,0.5000,0,0,-10.3500,-10.3500,-6.6680,-6.7924,-381.3570,-89.6324,-216.4300,33.2311,engine
1790339400,2026-09-25 12:30:00,1,1,DOWN,DOWN,0.3800,0.3800,0,0,-10.4340,-10.4340,-6.6924,-6.7656,-390.2543,-98.3533,-223.6791,26.7177,engine
1790340300,2026-09-25 12:45:00,1,0,DOWN,,0.5400,,1,,8.1965,0,3.7583,0,-386.2560,-93.2096,-223.6791,26.7177,engine
1790341500,2026-09-25 13:05:00,1,1,DOWN,DOWN,0.5900,0.5900,1,1,6.6622,6.6622,3.0779,3.0721,-383.6611,-91.4676,-221.6037,29.8026,engine
1790342100,2026-09-25 13:15:00,1,0,DOWN,,0.3900,,1,,15.2140,0,7.0272,0,-375.4146,-83.6843,-221.6037,29.8026,engine
1790343300,2026-09-25 13:35:00,1,1,DOWN,DOWN,0.3300,0.3300,0,0,-10.4690,-10.4690,-6.7973,-6.6418,-383.8116,-89.5314,-225.2529,25.6275,engine
1790343900,2026-09-25 13:45:00,1,1,DOWN,DOWN,0.5900,0.5900,1,1,6.6622,6.6622,3.2385,2.9927,-379.7394,-88.3408,-223.2855,27.4614,engine
1790344500,2026-09-25 13:55:00,1,1,DOWN,DOWN,0.5100,0.5700,1,1,9.2648,7.2429,4.4372,3.4033,-376.5647,-81.8884,-218.6858,31.5268,engine
1790344800,2026-09-25 14:00:00,0,1,,DOWN,,0.7800,,1,0,2.6665,0,1.1469,-376.5647,-81.8884,-218.0361,32.6240,engine
1790345100,2026-09-25 14:05:00,1,1,UP,UP,0.4600,0.4600,1,1,11.3611,11.3611,5.3343,5.1143,-373.0604,-79.8565,-215.3193,33.6688,engine
1790345700,2026-09-25 14:15:00,1,1,DOWN,DOWN,0.5300,0.5300,0,0,-10.3290,-10.3290,-6.5518,-6.6550,-379.9094,-85.8778,-222.5459,32.6063,engine
1790346000,2026-09-25 14:20:00,1,1,DOWN,DOWN,0.5400,0.5400,0,0,-10.3220,-10.3220,-6.6403,-6.5785,-383.8767,-90.4195,-228.3382,25.6339,engine
1790348400,2026-09-25 15:00:00,1,1,DOWN,DOWN,0.4300,0.4300,1,1,12.8568,12.8568,5.8304,6.1867,-381.1044,-85.4212,-221.1399,32.3914,engine
1790348700,2026-09-25 15:05:00,1,1,UP,UP,0.4600,0.4600,1,1,11.3611,11.3611,5.3028,5.4935,-375.2616,-79.1631,-216.9909,39.3718,engine
1790349000,2026-09-25 15:10:00,1,1,UP,UP,0.5300,0.5300,1,1,8.5389,8.5389,3.9180,4.0474,-371.9928,-74.1619,-210.4876,43.7792,engine
1790349600,2026-09-25 15:20:00,1,1,UP,UP,0.4800,0.4800,1,1,10.4693,10.4693,4.9707,4.7021,-366.3341,-69.6959,-207.3680,48.5870,engine
1790350200,2026-09-25 15:30:00,1,0,DOWN,,0.4400,,0,,-10.3920,0,-6.7367,0,-375.1476,-76.0795,-207.3680,48.5870,engine
1790350800,2026-09-25 15:40:00,1,1,UP,UP,0.4200,0.6200,0,0,-10.4060,-10.2660,-7.0167,-6.7673,-381.1807,-83.2282,-213.1237,44.7023,engine
1790351100,2026-09-25 15:45:00,0,1,,DOWN,,0.7200,,1,0,3.6929,0,1.5977,-381.1807,-83.2282,-211.2201,46.4757,engine
1790362500,2026-09-25 18:55:00,1,1,DOWN,DOWN,0.3500,0.3500,0,0,-10.4550,-10.4550,-6.9336,-6.9361,-389.2319,-90.9178,-220.8174,36.9051,engine
1790370000,2026-09-25 21:00:00,1,0,DOWN,,0.4100,,1,,13.9772,0,6.4916,0,-384.1987,-83.3165,-220.8174,36.9051,engine
1790383800,2026-09-26 00:50:00,1,1,DOWN,DOWN,0.4200,0.4200,0,0,-10.4060,-10.4060,-6.6018,-6.6217,-393.2297,-87.2866,-227.6893,31.8235,engine
1790384700,2026-09-26 01:05:00,1,1,UP,UP,0.5200,0.4000,0,0,-10.3360,-10.4200,-6.4226,-6.5580,-399.2105,-95.1132,-232.4710,25.7177,engine
1790392500,2026-09-26 03:15:00,1,1,DOWN,DOWN,0.5300,0.5300,0,0,-10.3290,-10.3290,-6.8413,-6.3358,-409.4087,-99.2729,-240.3976,17.3688,engine
