entry,cell,n,per1,t,h1,h2,green,maxDD,worst,vsHOLD
RAND,HOLD,1128,0.0191,0.5457,0.0356,0.0026,4/6,-31.1466,-1.0,0.0
RAND,a0 g5 R0 T0,1128,-0.0569,-4.1234,-0.044,-0.0698,0/6,-65.3967,-1.0,-0.076
RAND,a0 g5 R0 T20,1128,-0.0926,-7.7555,-0.0738,-0.1114,0/6,-104.8101,-1.0,-0.1117
RAND,a0 g5 R0 T30,1128,-0.0814,-6.6415,-0.0623,-0.1004,0/6,-92.1984,-1.0,-0.1005
RAND,a0 g5 R0 T50,1128,-0.0705,-5.5375,-0.0536,-0.0875,0/6,-80.4422,-1.0,-0.0897
RAND,a0 g5 R1 T0,1128,-0.1734,-8.3472,-0.2087,-0.138,0/6,-196.3334,-7.0667,-0.1925
RAND,a0 g5 R1 T20,1128,-0.2019,-14.2128,-0.1985,-0.2053,0/6,-227.552,-2.87,-0.221
RAND,a0 g5 R1 T30,1128,-0.1914,-12.6986,-0.1869,-0.1959,0/6,-216.0384,-3.2222,-0.2105
RAND,a0 g5 R1 T50,1128,-0.1947,-10.6376,-0.2006,-0.1888,0/6,-220.2486,-7.0667,-0.2138
RAND,a0 g10 R0 T0,1128,-0.0581,-4.0482,-0.0486,-0.0677,0/6,-65.8901,-1.0,-0.0773
RAND,a0 g10 R0 T20,1128,-0.0963,-8.0551,-0.077,-0.1156,0/6,-108.8408,-1.0,-0.1154
RAND,a0 g10 R0 T30,1128,-0.0849,-6.9042,-0.0657,-0.1041,0/6,-96.0339,-1.0,-0.1041
RAND,a0 g10 R0 T50,1128,-0.073,-5.6526,-0.0561,-0.0899,0/6,-82.7844,-1.0,-0.0921
RAND,a0 g10 R1 T0,1128,-0.1688,-7.2022,-0.2011,-0.1365,0/6,-193.3939,-5.6,-0.1879
RAND,a0 g10 R1 T20,1128,-0.2123,-13.8502,-0.2095,-0.2151,0/6,-239.2099,-5.5093,-0.2314
RAND,a0 g10 R1 T30,1128,-0.2024,-12.1162,-0.1992,-0.2055,0/6,-228.2908,-5.4073,-0.2215
RAND,a0 g10 R1 T50,1128,-0.1869,-9.7508,-0.191,-0.1828,0/6,-211.4589,-5.6,-0.206
RAND,a0 g15 R0 T0,1128,-0.0521,-3.4084,-0.0439,-0.0603,0/6,-61.7802,-1.0,-0.0712
RAND,a0 g15 R0 T20,1128,-0.0978,-8.1705,-0.0773,-0.1184,0/6,-110.5228,-1.0,-0.1169
RAND,a0 g15 R0 T30,1128,-0.0867,-7.0315,-0.0648,-0.1086,0/6,-98.0713,-1.0,-0.1059
RAND,a0 g15 R0 T50,1128,-0.0726,-5.5383,-0.0531,-0.0921,0/6,-83.3301,-1.0,-0.0917
RAND,a0 g15 R1 T0,1128,-0.1601,-6.0718,-0.199,-0.1212,0/6,-182.9089,-5.7222,-0.1792
RAND,a0 g15 R1 T20,1128,-0.2157,-13.628,-0.2173,-0.2142,0/6,-243.0529,-5.7444,-0.2348
RAND,a0 g15 R1 T30,1128,-0.2115,-12.1129,-0.2069,-0.216,0/6,-238.5949,-5.6444,-0.2306
RAND,a0 g15 R1 T50,1128,-0.1956,-9.541,-0.2002,-0.191,0/6,-220.5254,-6.35,-0.2147
RAND,a0 g20 R0 T0,1128,-0.052,-3.2418,-0.0496,-0.0544,0/6,-60.0325,-1.0,-0.0711
RAND,a0 g20 R0 T20,1128,-0.098,-8.1823,-0.0773,-0.1187,0/6,-110.6942,-1.0,-0.1171
RAND,a0 g20 R0 T30,1128,-0.0878,-7.0983,-0.0661,-0.1095,0/6,-99.2694,-1.0,-0.1069
RAND,a0 g20 R0 T50,1128,-0.0744,-5.6288,-0.0569,-0.0919,0/6,-85.1834,-1.0,-0.0935
RAND,a0 g20 R1 T0,1128,-0.155,-5.5687,-0.1794,-0.1305,0/6,-177.298,-6.0556,-0.1741
RAND,a0 g20 R1 T20,1128,-0.2164,-13.7593,-0.2168,-0.216,0/6,-243.8496,-5.7444,-0.2355
RAND,a0 g20 R1 T30,1128,-0.2082,-12.3248,-0.2008,-0.2156,0/6,-234.8343,-5.6444,-0.2273
RAND,a0 g20 R1 T50,1128,-0.1882,-9.8325,-0.1753,-0.2011,0/6,-212.4163,-5.4444,-0.2073
RAND,a5 g5 R0 T0,1128,-0.0442,-2.7609,-0.0294,-0.059,2/6,-59.5851,-1.0,-0.0633
RAND,a5 g5 R0 T20,1128,-0.0972,-7.0416,-0.0779,-0.1166,0/6,-110.7458,-1.0,-0.1164
RAND,a5 g5 R0 T30,1128,-0.0803,-5.6387,-0.0601,-0.1005,0/6,-93.185,-1.0,-0.0994
RAND,a5 g5 R0 T50,1128,-0.0629,-4.23,-0.043,-0.0827,0/6,-75.2375,-1.0,-0.082
RAND,a5 g5 R1 T0,1128,-0.1305,-6.0446,-0.1578,-0.1031,0/6,-151.7346,-7.0667,-0.1496
RAND,a5 g5 R1 T20,1128,-0.1588,-10.5628,-0.1476,-0.1699,0/6,-180.0122,-2.87,-0.1779
RAND,a5 g5 R1 T30,1128,-0.1476,-9.3699,-0.1349,-0.1602,0/6,-167.7701,-2.7394,-0.1667
RAND,a5 g5 R1 T50,1128,-0.1518,-8.0161,-0.1497,-0.1538,0/6,-175.6926,-7.0667,-0.1709
RAND,a5 g10 R0 T0,1128,-0.0477,-2.8184,-0.0381,-0.0573,2/6,-61.9645,-1.0,-0.0668
RAND,a5 g10 R0 T20,1128,-0.1033,-7.4421,-0.0832,-0.1234,0/6,-117.3577,-1.0,-0.1224
RAND,a5 g10 R0 T30,1128,-0.0876,-6.0789,-0.0683,-0.1069,0/6,-101.0072,-1.0,-0.1067
RAND,a5 g10 R0 T50,1128,-0.0672,-4.4174,-0.0474,-0.087,1/6,-80.1073,-1.0,-0.0863
RAND,a5 g10 R1 T0,1128,-0.1259,-5.2496,-0.1502,-0.1015,0/6,-150.8249,-5.6,-0.145
RAND,a5 g10 R1 T20,1128,-0.1696,-10.5628,-0.1586,-0.1805,0/6,-191.8806,-5.5093,-0.1887
RAND,a5 g10 R1 T30,1128,-0.159,-9.296,-0.1483,-0.1698,0/6,-180.2798,-5.4073,-0.1781
RAND,a5 g10 R1 T50,1128,-0.1439,-7.347,-0.1401,-0.1477,0/6,-168.4129,-5.6,-0.163
RAND,a5 g15 R0 T0,1128,-0.036,-1.9821,-0.0272,-0.0448,2/6,-53.8909,-1.0,-0.0551
RAND,a5 g15 R0 T20,1128,-0.1052,-7.5472,-0.0841,-0.1263,0/6,-119.8208,-1.0,-0.1243
RAND,a5 g15 R0 T30,1128,-0.0888,-6.1133,-0.0659,-0.1117,0/6,-103.1528,-1.0,-0.1079
RAND,a5 g15 R0 T50,1128,-0.0645,-4.1525,-0.0391,-0.0899,2/6,-79.2156,-1.0,-0.0836
RAND,a5 g15 R1 T0,1128,-0.1171,-4.3786,-0.1481,-0.0862,0/6,-139.7373,-5.6,-0.1363
RAND,a5 g15 R1 T20,1128,-0.1731,-10.5102,-0.1663,-0.1799,0/6,-195.8618,-5.5222,-0.1922
RAND,a5 g15 R1 T30,1128,-0.1682,-9.4292,-0.156,-0.1803,0/6,-190.5839,-5.4222,-0.1873
RAND,a5 g15 R1 T50,1128,-0.1526,-7.3136,-0.1493,-0.1559,0/6,-176.274,-6.35,-0.1717
RAND,a5 g20 R0 T0,1128,-0.0353,-1.8617,-0.0325,-0.0382,2/6,-49.0996,-1.0,-0.0544
RAND,a5 g20 R0 T20,1128,-0.1051,-7.5367,-0.0835,-0.1267,0/6,-119.6973,-1.0,-0.1242
RAND,a5 g20 R0 T30,1128,-0.0906,-6.2056,-0.0691,-0.1121,0/6,-105.2106,-1.0,-0.1097
RAND,a5 g20 R0 T50,1128,-0.0682,-4.3466,-0.0452,-0.0913,1/6,-83.1839,-1.0,-0.0874
RAND,a5 g20 R1 T0,1128,-0.112,-3.9787,-0.1285,-0.0955,0/6,-134.3028,-5.8333,-0.1311
RAND,a5 g20 R1 T20,1128,-0.1737,-10.623,-0.1659,-0.1816,0/6,-196.5774,-5.5222,-0.1929
RAND,a5 g20 R1 T30,1128,-0.165,-9.4547,-0.1498,-0.1801,0/6,-186.9884,-5.4222,-0.1841
RAND,a5 g20 R1 T50,1128,-0.1452,-7.3975,-0.1243,-0.1661,0/6,-166.9939,-5.2667,-0.1643
RAND,a10 g5 R0 T0,1128,-0.0452,-2.584,-0.0285,-0.0619,1/6,-60.1239,-1.0,-0.0643
RAND,a10 g5 R0 T20,1128,-0.1069,-7.0575,-0.0858,-0.1281,0/6,-121.7805,-1.0,-0.126
RAND,a10 g5 R0 T30,1128,-0.0863,-5.5178,-0.0628,-0.1097,0/6,-98.7089,-1.0,-0.1054
RAND,a10 g5 R0 T50,1128,-0.0661,-4.0438,-0.0433,-0.0888,1/6,-78.8305,-1.0,-0.0852
RAND,a10 g5 R1 T0,1128,-0.1207,-5.4476,-0.1409,-0.1005,0/6,-140.2286,-6.5333,-0.1398
RAND,a10 g5 R1 T20,1128,-0.1484,-9.265,-0.1308,-0.1659,0/6,-167.7885,-2.87,-0.1675
RAND,a10 g5 R1 T30,1128,-0.1373,-8.2001,-0.1165,-0.1581,0/6,-155.4537,-2.7394,-0.1564
RAND,a10 g5 R1 T50,1128,-0.141,-7.1957,-0.131,-0.1509,0/6,-162.7086,-6.5333,-0.1601
RAND,a10 g10 R0 T0,1128,-0.0517,-2.8175,-0.0419,-0.0615,1/6,-65.0068,-1.0,-0.0708
RAND,a10 g10 R0 T20,1128,-0.1135,-7.4701,-0.0918,-0.1352,0/6,-129.2785,-1.0,-0.1326
RAND,a10 g10 R0 T30,1128,-0.0947,-6.003,-0.0726,-0.1168,0/6,-107.9705,-1.0,-0.1138
RAND,a10 g10 R0 T50,1128,-0.0723,-4.3358,-0.0487,-0.0959,1/6,-84.7132,-1.0,-0.0914
RAND,a10 g10 R1 T0,1128,-0.1156,-4.7272,-0.133,-0.0982,0/6,-138.716,-5.6,-0.1347
RAND,a10 g10 R1 T20,1128,-0.1588,-9.4511,-0.1414,-0.1763,0/6,-180.2662,-5.5093,-0.178
RAND,a10 g10 R1 T30,1128,-0.1486,-8.3262,-0.1308,-0.1663,0/6,-168.4599,-5.4073,-0.1677
RAND,a10 g10 R1 T50,1128,-0.133,-6.5804,-0.1215,-0.1445,0/6,-155.7871,-5.6,-0.1521
RAND,a10 g15 R0 T0,1128,-0.0378,-1.9184,-0.0296,-0.0461,2/6,-52.2734,-1.0,-0.057
RAND,a10 g15 R0 T20,1128,-0.1158,-7.5904,-0.0936,-0.1379,0/6,-131.7707,-1.0,-0.1349
RAND,a10 g15 R0 T30,1128,-0.0961,-6.045,-0.0718,-0.1205,0/6,-110.082,-1.0,-0.1153
RAND,a10 g15 R0 T50,1128,-0.0703,-4.1311,-0.0436,-0.097,1/6,-82.7536,-1.0,-0.0894
RAND,a10 g15 R1 T0,1128,-0.1069,-3.9224,-0.1309,-0.0829,0/6,-127.6284,-5.6,-0.126
RAND,a10 g15 R1 T20,1128,-0.1628,-9.4972,-0.1491,-0.1766,0/6,-184.4895,-4.7444,-0.182
RAND,a10 g15 R1 T30,1128,-0.1575,-8.5132,-0.1386,-0.1765,0/6,-178.4335,-4.6444,-0.1767
RAND,a10 g15 R1 T50,1128,-0.1423,-6.6545,-0.132,-0.1527,0/6,-164.3754,-5.8167,-0.1615
RAND,a10 g20 R0 T0,1128,-0.0372,-1.8014,-0.0317,-0.0427,1/6,-48.6306,-1.0,-0.0563
RAND,a10 g20 R0 T20,1128,-0.1162,-7.6142,-0.094,-0.1384,0/6,-132.2177,-1.0,-0.1353
RAND,a10 g20 R0 T30,1128,-0.0988,-6.1842,-0.0762,-0.1214,0/6,-112.9953,-1.0,-0.1179
RAND,a10 g20 R0 T50,1128,-0.0752,-4.3685,-0.0495,-0.101,1/6,-88.6903,-1.0,-0.0944
RAND,a10 g20 R1 T0,1128,-0.1017,-3.5514,-0.1112,-0.0922,0/6,-122.1939,-5.6,-0.1208
RAND,a10 g20 R1 T20,1128,-0.1631,-9.5803,-0.1479,-0.1783,0/6,-184.6004,-4.7444,-0.1822
RAND,a10 g20 R1 T30,1128,-0.154,-8.5038,-0.1317,-0.1763,0/6,-174.3115,-4.6444,-0.1731
RAND,a10 g20 R1 T50,1128,-0.1349,-6.6621,-0.1071,-0.1628,0/6,-155.0953,-5.2667,-0.1541
RAND,a15 g5 R0 T0,1128,-0.04,-2.0618,-0.0369,-0.0431,1/6,-51.6467,-1.0,-0.0591
RAND,a15 g5 R0 T20,1128,-0.1137,-7.0023,-0.1016,-0.1259,0/6,-129.4838,-1.0,-0.1329
RAND,a15 g5 R0 T30,1128,-0.0896,-5.3352,-0.0736,-0.1055,0/6,-101.9845,-1.0,-0.1087
RAND,a15 g5 R0 T50,1128,-0.0679,-3.8659,-0.0527,-0.0832,1/6,-79.666,-1.0,-0.0871
RAND,a15 g5 R1 T0,1128,-0.109,-4.6975,-0.1355,-0.0826,0/6,-126.5397,-6.5333,-0.1282
RAND,a15 g5 R1 T20,1128,-0.1387,-8.2746,-0.128,-0.1494,0/6,-156.8634,-2.87,-0.1578
RAND,a15 g5 R1 T30,1128,-0.1261,-7.1981,-0.1103,-0.1419,0/6,-142.8239,-2.7394,-0.1452
RAND,a15 g5 R1 T50,1128,-0.1303,-6.3991,-0.1263,-0.1343,0/6,-150.1551,-6.5333,-0.1494
RAND,a15 g10 R0 T0,1128,-0.0428,-2.1215,-0.0494,-0.0362,1/6,-50.6659,-1.0,-0.0619
RAND,a15 g10 R0 T20,1128,-0.1181,-7.2711,-0.1059,-0.1304,0/6,-134.497,-1.0,-0.1373
RAND,a15 g10 R0 T30,1128,-0.0974,-5.7812,-0.0843,-0.1105,0/6,-110.9996,-1.0,-0.1165
RAND,a15 g10 R0 T50,1128,-0.0713,-3.9947,-0.0582,-0.0845,1/6,-82.38,-1.0,-0.0905
RAND,a15 g10 R1 T0,1128,-0.099,-3.9824,-0.1189,-0.0791,0/6,-119.7045,-4.8,-0.1182
RAND,a15 g10 R1 T20,1128,-0.1424,-8.437,-0.1275,-0.1573,0/6,-161.7145,-2.2691,-0.1615
RAND,a15 g10 R1 T30,1128,-0.1329,-7.4149,-0.1172,-0.1487,0/6,-150.8365,-2.6667,-0.1521
RAND,a15 g10 R1 T50,1128,-0.1167,-5.7451,-0.1078,-0.1257,0/6,-136.6446,-4.9,-0.1358
RAND,a15 g15 R0 T0,1128,-0.0263,-1.2166,-0.0355,-0.0172,2/6,-35.6442,-1.0,-0.0455
RAND,a15 g15 R0 T20,1128,-0.1201,-7.3674,-0.1089,-0.1313,0/6,-136.6385,-1.0,-0.1392
RAND,a15 g15 R0 T30,1128,-0.0997,-5.8649,-0.0866,-0.1127,0/6,-113.4881,-1.0,-0.1188
RAND,a15 g15 R0 T50,1128,-0.0691,-3.7903,-0.0561,-0.082,1/6,-80.2288,-1.0,-0.0882
RAND,a15 g15 R1 T0,1128,-0.0907,-3.2687,-0.1185,-0.0629,0/6,-109.1195,-5.6,-0.1098
RAND,a15 g15 R1 T20,1128,-0.1467,-8.4119,-0.1368,-0.1566,0/6,-166.2463,-4.7444,-0.1658
RAND,a15 g15 R1 T30,1128,-0.1414,-7.5199,-0.1263,-0.1565,0/6,-160.1903,-4.6444,-0.1605
RAND,a15 g15 R1 T50,1128,-0.1262,-5.8096,-0.1197,-0.1326,0/6,-145.6258,-5.8167,-0.1453
RAND,a15 g20 R0 T0,1128,-0.0241,-1.066,-0.0357,-0.0125,2/6,-32.6653,-1.0,-0.0432
RAND,a15 g20 R0 T20,1128,-0.12,-7.3488,-0.1083,-0.1318,0/6,-136.5711,-1.0,-0.1392
RAND,a15 g20 R0 T30,1128,-0.1012,-5.9175,-0.0902,-0.1122,0/6,-115.2186,-1.0,-0.1203
RAND,a15 g20 R0 T50,1128,-0.0732,-3.9638,-0.0617,-0.0846,0/6,-84.9627,-1.0,-0.0923
RAND,a15 g20 R1 T0,1128,-0.0855,-2.953,-0.0989,-0.0722,0/6,-103.685,-5.6,-0.1047
RAND,a15 g20 R1 T20,1128,-0.1469,-8.483,-0.1356,-0.1583,0/6,-166.3572,-4.7444,-0.1661
RAND,a15 g20 R1 T30,1128,-0.1378,-7.4848,-0.1194,-0.1563,0/6,-156.0683,-4.6444,-0.157
RAND,a15 g20 R1 T50,1128,-0.1188,-5.8129,-0.0948,-0.1428,0/6,-136.3457,-4.4444,-0.1379
RAND,a20 g5 R0 T0,1128,-0.0357,-1.7573,-0.0211,-0.0503,1/6,-46.3261,-1.0,-0.0548
RAND,a20 g5 R0 T20,1128,-0.1198,-7.045,-0.0949,-0.1448,0/6,-136.3573,-1.0,-0.139
RAND,a20 g5 R0 T30,1128,-0.0908,-5.1467,-0.0626,-0.119,0/6,-103.447,-1.0,-0.1099
RAND,a20 g5 R0 T50,1128,-0.0648,-3.5052,-0.0378,-0.0919,1/6,-76.4265,-1.0,-0.084
RAND,a20 g5 R1 T0,1128,-0.0989,-4.1333,-0.112,-0.0858,0/6,-116.4556,-6.5333,-0.118
RAND,a20 g5 R1 T20,1128,-0.1315,-7.6617,-0.1058,-0.1573,0/6,-148.7595,-2.0,-0.1506
RAND,a20 g5 R1 T30,1128,-0.1164,-6.4635,-0.0872,-0.1456,0/6,-132.2179,-2.0,-0.1355
RAND,a20 g5 R1 T50,1128,-0.1183,-5.6833,-0.105,-0.1316,0/6,-137.1505,-6.5333,-0.1374
RAND,a20 g10 R0 T0,1128,-0.0344,-1.6315,-0.0289,-0.0399,1/6,-42.5116,-1.0,-0.0535
RAND,a20 g10 R0 T20,1128,-0.1205,-7.0868,-0.0951,-0.1459,0/6,-137.2029,-1.0,-0.1397
RAND,a20 g10 R0 T30,1128,-0.0954,-5.3953,-0.0693,-0.1215,0/6,-108.7364,-1.0,-0.1145
RAND,a20 g10 R0 T50,1128,-0.065,-3.4625,-0.0403,-0.0896,0/6,-76.6921,-1.0,-0.0841
RAND,a20 g10 R1 T0,1128,-0.0821,-3.2379,-0.0904,-0.0737,0/6,-102.0194,-4.8,-0.1012
RAND,a20 g10 R1 T20,1128,-0.1283,-7.4893,-0.1022,-0.1544,0/6,-145.8526,-1.5077,-0.1474
RAND,a20 g10 R1 T30,1128,-0.1189,-6.528,-0.0915,-0.1462,0/6,-135.0913,-2.6667,-0.138
RAND,a20 g10 R1 T50,1128,-0.0985,-4.7636,-0.0797,-0.1173,0/6,-117.4047,-4.9,-0.1176
RAND,a20 g15 R0 T0,1128,-0.0128,-0.5569,-0.0106,-0.015,2/6,-24.746,-1.0,-0.0319
RAND,a20 g15 R0 T20,1128,-0.1209,-7.1049,-0.0949,-0.147,0/6,-137.597,-1.0,-0.1401
RAND,a20 g15 R0 T30,1128,-0.097,-5.4561,-0.0693,-0.1246,0/6,-110.4234,-1.0,-0.1161
RAND,a20 g15 R0 T50,1128,-0.0635,-3.3329,-0.0354,-0.0916,1/6,-74.3069,-1.0,-0.0827
RAND,a20 g15 R1 T0,1128,-0.0712,-2.5374,-0.0824,-0.06,0/6,-88.2938,-5.6,-0.0903
RAND,a20 g15 R1 T20,1128,-0.127,-7.4117,-0.1001,-0.154,0/6,-144.1185,-1.4,-0.1462
RAND,a20 g15 R1 T30,1128,-0.122,-6.5525,-0.0902,-0.1539,0/6,-138.3865,-3.3889,-0.1412
RAND,a20 g15 R1 T50,1128,-0.1068,-4.9284,-0.0836,-0.13,0/6,-124.9519,-5.8167,-0.1259
RAND,a20 g20 R0 T0,1128,-0.0101,-0.4213,-0.0098,-0.0103,3/6,-22.1697,-1.0,-0.0292
RAND,a20 g20 R0 T20,1128,-0.1209,-7.0882,-0.0943,-0.1475,0/6,-137.5296,-1.0,-0.14
RAND,a20 g20 R0 T30,1128,-0.0983,-5.4984,-0.0724,-0.1241,0/6,-111.9328,-1.0,-0.1174
RAND,a20 g20 R0 T50,1128,-0.0676,-3.5022,-0.0404,-0.0947,1/6,-79.4089,-1.0,-0.0867
RAND,a20 g20 R1 T0,1128,-0.0666,-2.2858,-0.0644,-0.0687,0/6,-83.4911,-5.6,-0.0857
RAND,a20 g20 R1 T20,1128,-0.128,-7.4584,-0.1012,-0.1548,0/6,-144.9752,-1.4615,-0.1471
RAND,a20 g20 R1 T30,1128,-0.1189,-6.4746,-0.0849,-0.1528,0/6,-134.6863,-1.8889,-0.138
RAND,a20 g20 R1 T50,1128,-0.0998,-4.8811,-0.0603,-0.1393,0/6,-116.1518,-2.1915,-0.1189
RAND,a30 g5 R0 T0,1128,-0.0324,-1.4793,-0.0217,-0.0431,1/6,-43.3195,-1.0,-0.0515
RAND,a30 g5 R0 T20,1128,-0.1222,-7.0486,-0.0945,-0.1498,0/6,-139.1721,-1.0,-0.1413
RAND,a30 g5 R0 T30,1128,-0.1039,-5.4801,-0.0717,-0.1361,0/6,-119.1908,-1.0,-0.123
RAND,a30 g5 R0 T50,1128,-0.0673,-3.3609,-0.0398,-0.0947,0/6,-80.8705,-1.0,-0.0864
RAND,a30 g5 R1 T0,1128,-0.0859,-3.4734,-0.0954,-0.0764,0/6,-102.8416,-5.4667,-0.105
RAND,a30 g5 R1 T20,1128,-0.1222,-7.0486,-0.0945,-0.1498,0/6,-139.1721,-1.0,-0.1413
RAND,a30 g5 R1 T30,1128,-0.1091,-5.7419,-0.0766,-0.1416,0/6,-125.0403,-1.0952,-0.1282
RAND,a30 g5 R1 T50,1128,-0.0973,-4.6412,-0.0752,-0.1195,0/6,-114.4851,-2.6486,-0.1164
RAND,a30 g10 R0 T0,1128,-0.028,-1.2354,-0.0193,-0.0367,2/6,-39.4289,-1.0,-0.0471
RAND,a30 g10 R0 T20,1128,-0.1222,-7.0486,-0.0945,-0.1498,0/6,-139.1721,-1.0,-0.1413
RAND,a30 g10 R0 T30,1128,-0.1053,-5.5469,-0.0714,-0.1391,0/6,-120.7129,-1.0,-0.1244
RAND,a30 g10 R0 T50,1128,-0.0669,-3.312,-0.0361,-0.0976,0/6,-80.5002,-1.0,-0.086
RAND,a30 g10 R1 T0,1128,-0.0703,-2.6849,-0.0748,-0.0657,0/6,-89.1361,-4.8,-0.0894
RAND,a30 g10 R1 T20,1128,-0.1222,-7.0486,-0.0945,-0.1498,0/6,-139.1721,-1.0,-0.1413
RAND,a30 g10 R1 T30,1128,-0.1092,-5.7311,-0.0753,-0.1431,0/6,-125.1877,-1.7222,-0.1283
RAND,a30 g10 R1 T50,1128,-0.0858,-4.0585,-0.0569,-0.1147,0/6,-103.6332,-2.4737,-0.1049
RAND,a30 g15 R0 T0,1128,-0.0125,-0.5148,-0.0057,-0.0193,2/6,-27.7868,-1.0,-0.0316
RAND,a30 g15 R0 T20,1128,-0.1222,-7.0486,-0.0945,-0.1498,0/6,-139.1721,-1.0,-0.1413
RAND,a30 g15 R0 T30,1128,-0.1056,-5.5665,-0.0721,-0.1392,0/6,-121.1268,-1.0,-0.1247
RAND,a30 g15 R0 T50,1128,-0.0663,-3.2585,-0.0324,-0.1003,1/6,-78.7184,-1.0,-0.0855
RAND,a30 g15 R1 T0,1128,-0.0618,-2.1611,-0.0697,-0.0539,0/6,-78.0986,-5.6,-0.0809
RAND,a30 g15 R1 T20,1128,-0.1222,-7.0486,-0.0945,-0.1498,0/6,-139.1721,-1.0,-0.1413
RAND,a30 g15 R1 T30,1128,-0.1108,-5.7602,-0.0732,-0.1483,0/6,-126.9267,-3.3889,-0.1299
RAND,a30 g15 R1 T50,1128,-0.0915,-4.2141,-0.0569,-0.126,0/6,-108.1378,-4.9583,-0.1106
RAND,a30 g20 R0 T0,1128,-0.0133,-0.5313,-0.0058,-0.0207,2/6,-28.4308,-1.0,-0.0324
RAND,a30 g20 R0 T20,1128,-0.1222,-7.0486,-0.0945,-0.1498,0/6,-139.1721,-1.0,-0.1413
RAND,a30 g20 R0 T30,1128,-0.1061,-5.5906,-0.0727,-0.1396,0/6,-121.7091,-1.0,-0.1253
RAND,a30 g20 R0 T50,1128,-0.072,-3.5215,-0.0358,-0.1082,1/6,-85.1195,-1.0,-0.0911
RAND,a30 g20 R1 T0,1128,-0.0591,-1.9865,-0.0533,-0.065,0/6,-75.161,-5.6,-0.0783
RAND,a30 g20 R1 T20,1128,-0.1222,-7.0486,-0.0945,-0.1498,0/6,-139.1721,-1.0,-0.1413
RAND,a30 g20 R1 T30,1128,-0.1111,-5.8093,-0.0746,-0.1476,0/6,-127.3373,-1.8889,-0.1303
RAND,a30 g20 R1 T50,1128,-0.0915,-4.3185,-0.0477,-0.1352,0/6,-107.006,-2.1915,-0.1106
BN_30,HOLD,1121,-0.0575,-2.2717,0.0146,-0.1295,2/6,-77.1129,-1.0,0.0
BN_30,a0 g5 R0 T0,1121,-0.0713,-6.1712,-0.0545,-0.0881,0/6,-80.1064,-1.0,-0.0138
BN_30,a0 g5 R0 T20,1121,-0.0796,-7.2771,-0.0675,-0.0918,0/6,-89.4728,-1.0,-0.0221
BN_30,a0 g5 R0 T30,1121,-0.0753,-6.7765,-0.0616,-0.089,0/6,-84.6112,-1.0,-0.0178
BN_30,a0 g5 R0 T50,1121,-0.0733,-6.4609,-0.0604,-0.0861,0/6,-82.305,-1.0,-0.0157
BN_30,a0 g5 R1 T0,1121,-0.1603,-10.6032,-0.1713,-0.1494,0/6,-179.8557,-3.9667,-0.1028
BN_30,a0 g5 R1 T20,1121,-0.1533,-12.2564,-0.1537,-0.1529,0/6,-171.9665,-3.9667,-0.0958
BN_30,a0 g5 R1 T30,1121,-0.1509,-11.1429,-0.1497,-0.152,0/6,-169.2477,-3.9667,-0.0934
BN_30,a0 g5 R1 T50,1121,-0.1612,-10.9666,-0.1749,-0.1475,0/6,-180.7788,-3.9667,-0.1037
BN_30,a0 g10 R0 T0,1121,-0.0742,-6.2762,-0.0569,-0.0914,0/6,-82.9991,-1.0,-0.0167
BN_30,a0 g10 R0 T20,1121,-0.0834,-7.6012,-0.0698,-0.097,0/6,-93.3506,-1.0,-0.0259
BN_30,a0 g10 R0 T30,1121,-0.078,-6.965,-0.0628,-0.0931,0/6,-87.2875,-1.0,-0.0205
BN_30,a0 g10 R0 T50,1121,-0.0754,-6.5444,-0.0597,-0.0912,0/6,-84.3992,-1.0,-0.0179
BN_30,a0 g10 R1 T0,1121,-0.1621,-9.4413,-0.1611,-0.1631,0/6,-181.3685,-5.2222,-0.1046
BN_30,a0 g10 R1 T20,1121,-0.167,-12.5837,-0.1657,-0.1682,0/6,-186.8612,-5.2222,-0.1095
BN_30,a0 g10 R1 T30,1121,-0.1644,-11.3269,-0.1566,-0.1723,0/6,-184.0294,-5.2222,-0.1069
BN_30,a0 g10 R1 T50,1121,-0.1604,-9.9117,-0.1492,-0.1716,0/6,-179.5241,-5.2222,-0.1029
BN_30,a0 g15 R0 T0,1121,-0.0728,-5.9163,-0.0473,-0.0982,0/6,-81.4323,-1.0,-0.0153
BN_30,a0 g15 R0 T20,1121,-0.0844,-7.6887,-0.0701,-0.0987,0/6,-94.5021,-1.0,-0.0269
BN_30,a0 g15 R0 T30,1121,-0.0797,-7.0912,-0.0635,-0.0958,0/6,-89.1971,-1.0,-0.0222
BN_30,a0 g15 R0 T50,1121,-0.0749,-6.4019,-0.0532,-0.0966,0/6,-83.8369,-1.0,-0.0174
BN_30,a0 g15 R1 T0,1121,-0.1486,-8.1857,-0.1405,-0.1566,0/6,-166.2144,-5.2222,-0.091
BN_30,a0 g15 R1 T20,1121,-0.1703,-12.9538,-0.17,-0.1706,0/6,-190.5807,-5.2222,-0.1128
BN_30,a0 g15 R1 T30,1121,-0.1674,-11.3461,-0.1636,-0.1712,0/6,-187.3471,-5.2222,-0.1099
BN_30,a0 g15 R1 T50,1121,-0.1517,-9.1704,-0.1343,-0.1691,0/6,-169.7493,-5.2222,-0.0942
BN_30,a0 g20 R0 T0,1121,-0.0765,-6.1419,-0.0555,-0.0974,0/6,-85.558,-1.0,-0.0189
BN_30,a0 g20 R0 T20,1121,-0.0842,-7.6628,-0.0701,-0.0982,0/6,-94.2234,-1.0,-0.0267
BN_30,a0 g20 R0 T30,1121,-0.0802,-7.1098,-0.065,-0.0954,0/6,-89.7177,-1.0,-0.0227
BN_30,a0 g20 R0 T50,1121,-0.0773,-6.5632,-0.057,-0.0975,0/6,-86.4836,-1.0,-0.0198
BN_30,a0 g20 R1 T0,1121,-0.1491,-7.8556,-0.1372,-0.1609,0/6,-166.7956,-5.2222,-0.0916
BN_30,a0 g20 R1 T20,1121,-0.169,-12.8466,-0.1684,-0.1697,0/6,-189.1753,-5.2222,-0.1115
BN_30,a0 g20 R1 T30,1121,-0.1652,-11.2387,-0.1568,-0.1735,0/6,-184.8241,-5.2222,-0.1076
BN_30,a0 g20 R1 T50,1121,-0.1462,-8.7535,-0.1245,-0.1678,0/6,-163.5639,-5.2222,-0.0887
BN_30,a5 g5 R0 T0,1121,-0.0723,-5.0112,-0.0473,-0.0973,0/6,-81.2562,-1.0,-0.0148
BN_30,a5 g5 R0 T20,1121,-0.0908,-6.7314,-0.0706,-0.1109,0/6,-101.9087,-1.0,-0.0333
BN_30,a5 g5 R0 T30,1121,-0.0809,-5.8589,-0.0592,-0.1026,0/6,-90.8675,-1.0,-0.0234
BN_30,a5 g5 R0 T50,1121,-0.0748,-5.2745,-0.0519,-0.0975,0/6,-83.961,-1.0,-0.0172
BN_30,a5 g5 R1 T0,1121,-0.14,-8.4941,-0.1356,-0.1444,0/6,-157.0635,-2.5,-0.0825
BN_30,a5 g5 R1 T20,1121,-0.1327,-9.3538,-0.1175,-0.1479,0/6,-148.891,-2.5,-0.0752
BN_30,a5 g5 R1 T30,1121,-0.1306,-8.6111,-0.114,-0.147,0/6,-146.4555,-2.5,-0.073
BN_30,a5 g5 R1 T50,1121,-0.1409,-8.7464,-0.1393,-0.1425,0/6,-158.0792,-2.5,-0.0834
BN_30,a5 g10 R0 T0,1121,-0.0773,-5.1403,-0.0537,-0.1009,0/6,-86.5605,-1.0,-0.0198
BN_30,a5 g10 R0 T20,1121,-0.0983,-7.2489,-0.0754,-0.1212,0/6,-110.0942,-1.0,-0.0408
BN_30,a5 g10 R0 T30,1121,-0.0869,-6.217,-0.0618,-0.112,0/6,-97.2955,-1.0,-0.0294
BN_30,a5 g10 R0 T50,1121,-0.0772,-5.3047,-0.048,-0.1063,0/6,-86.3685,-1.0,-0.0197
BN_30,a5 g10 R1 T0,1121,-0.1417,-7.7154,-0.1254,-0.1581,0/6,-158.5644,-4.5926,-0.0842
BN_30,a5 g10 R1 T20,1121,-0.1464,-9.876,-0.1295,-0.1632,0/6,-163.7738,-4.5926,-0.0889
BN_30,a5 g10 R1 T30,1121,-0.1441,-9.0103,-0.1209,-0.1673,0/6,-161.2253,-4.5926,-0.0866
BN_30,a5 g10 R1 T50,1121,-0.1401,-7.9961,-0.1135,-0.1666,0/6,-156.72,-4.5926,-0.0826
BN_30,a5 g15 R0 T0,1121,-0.075,-4.7572,-0.045,-0.1049,0/6,-83.9523,-1.0,-0.0175
BN_30,a5 g15 R0 T20,1121,-0.0999,-7.3524,-0.076,-0.1237,0/6,-111.8201,-1.0,-0.0424
BN_30,a5 g15 R0 T30,1121,-0.0903,-6.4061,-0.0642,-0.1163,0/6,-101.0464,-1.0,-0.0328
BN_30,a5 g15 R0 T50,1121,-0.0775,-5.2147,-0.0422,-0.1127,0/6,-86.6977,-1.0,-0.02
BN_30,a5 g15 R1 T0,1121,-0.1282,-6.6183,-0.1048,-0.1516,0/6,-143.4103,-4.5926,-0.0707
BN_30,a5 g15 R1 T20,1121,-0.1499,-10.1371,-0.1343,-0.1655,0/6,-167.7766,-4.5926,-0.0924
BN_30,a5 g15 R1 T30,1121,-0.1471,-9.0515,-0.1279,-0.1662,0/6,-164.543,-4.5926,-0.0896
BN_30,a5 g15 R1 T50,1121,-0.1314,-7.3248,-0.0986,-0.1641,0/6,-146.9452,-4.5926,-0.0739
BN_30,a5 g20 R0 T0,1121,-0.0839,-5.2452,-0.061,-0.1068,0/6,-93.9419,-1.0,-0.0264
BN_30,a5 g20 R0 T20,1121,-0.0996,-7.3255,-0.0761,-0.123,0/6,-111.4563,-1.0,-0.042
BN_30,a5 g20 R0 T30,1121,-0.092,-6.5107,-0.0668,-0.1172,0/6,-102.9993,-1.0,-0.0345
BN_30,a5 g20 R0 T50,1121,-0.082,-5.4694,-0.0484,-0.1155,0/6,-91.7479,-1.0,-0.0245
BN_30,a5 g20 R1 T0,1121,-0.1287,-6.4073,-0.1015,-0.1559,0/6,-143.9914,-4.5926,-0.0712
BN_30,a5 g20 R1 T20,1121,-0.1487,-10.0406,-0.1327,-0.1647,0/6,-166.3712,-4.5926,-0.0912
BN_30,a5 g20 R1 T30,1121,-0.1448,-8.9379,-0.1211,-0.1685,0/6,-162.02,-4.5926,-0.0873
BN_30,a5 g20 R1 T50,1121,-0.1258,-6.9527,-0.0888,-0.1628,0/6,-140.7598,-4.5926,-0.0683
BN_30,a10 g5 R0 T0,1121,-0.0671,-4.2833,-0.0458,-0.0884,0/6,-75.5213,-1.0,-0.0096
BN_30,a10 g5 R0 T20,1121,-0.0901,-6.1746,-0.0718,-0.1083,0/6,-101.2359,-1.0,-0.0326
BN_30,a10 g5 R0 T30,1121,-0.0787,-5.2559,-0.061,-0.0964,0/6,-88.5492,-1.0,-0.0212
BN_30,a10 g5 R0 T50,1121,-0.0705,-4.5798,-0.0522,-0.0888,0/6,-79.2775,-1.0,-0.013
BN_30,a10 g5 R1 T0,1121,-0.1255,-7.258,-0.1206,-0.1303,0/6,-140.8472,-2.2963,-0.0679
BN_30,a10 g5 R1 T20,1121,-0.1186,-7.8742,-0.1025,-0.1347,0/6,-133.2289,-2.2963,-0.0611
BN_30,a10 g5 R1 T30,1121,-0.1158,-7.2647,-0.099,-0.1327,0/6,-130.035,-2.2963,-0.0583
BN_30,a10 g5 R1 T50,1121,-0.1268,-7.5034,-0.1249,-0.1287,0/6,-142.3412,-2.2963,-0.0693
BN_30,a10 g10 R0 T0,1121,-0.075,-4.6082,-0.0569,-0.0931,0/6,-83.9534,-1.0,-0.0175
BN_30,a10 g10 R0 T20,1121,-0.0986,-6.734,-0.0794,-0.1178,0/6,-110.4083,-1.0,-0.0411
BN_30,a10 g10 R0 T30,1121,-0.0876,-5.7944,-0.0683,-0.1069,0/6,-98.0657,-1.0,-0.0301
BN_30,a10 g10 R0 T50,1121,-0.0761,-4.8238,-0.0536,-0.0984,0/6,-85.1048,-1.0,-0.0185
BN_30,a10 g10 R1 T0,1121,-0.1257,-6.6126,-0.1101,-0.1413,0/6,-140.6483,-4.5926,-0.0682
BN_30,a10 g10 R1 T20,1121,-0.1301,-8.3412,-0.1142,-0.146,0/6,-145.5509,-4.5926,-0.0726
BN_30,a10 g10 R1 T30,1121,-0.1277,-7.6824,-0.1054,-0.1499,0/6,-142.8024,-4.5926,-0.0702
BN_30,a10 g10 R1 T50,1121,-0.1241,-6.8404,-0.0983,-0.1499,0/6,-138.8039,-4.5926,-0.0666
BN_30,a10 g15 R0 T0,1121,-0.075,-4.4085,-0.0473,-0.1027,0/6,-83.9511,-1.0,-0.0175
BN_30,a10 g15 R0 T20,1121,-0.1007,-6.8667,-0.0807,-0.1208,0/6,-112.7819,-1.0,-0.0432
BN_30,a10 g15 R0 T30,1121,-0.0928,-6.0879,-0.0724,-0.1131,0/6,-103.8746,-1.0,-0.0353
BN_30,a10 g15 R0 T50,1121,-0.0787,-4.8912,-0.0487,-0.1087,0/6,-88.098,-1.0,-0.0212
BN_30,a10 g15 R1 T0,1121,-0.1122,-5.6127,-0.0895,-0.1349,0/6,-125.4942,-4.5926,-0.0547
BN_30,a10 g15 R1 T20,1121,-0.1338,-8.5665,-0.119,-0.1486,0/6,-149.6973,-4.5926,-0.0763
BN_30,a10 g15 R1 T30,1121,-0.1306,-7.7446,-0.1124,-0.1488,0/6,-146.1202,-4.5926,-0.0731
BN_30,a10 g15 R1 T50,1121,-0.1154,-6.2241,-0.0834,-0.1474,0/6,-129.029,-4.5926,-0.0579
BN_30,a10 g20 R0 T0,1121,-0.0825,-4.7584,-0.0589,-0.106,0/6,-92.3256,-1.0,-0.025
BN_30,a10 g20 R0 T20,1121,-0.1006,-6.8516,-0.0807,-0.1204,0/6,-112.5982,-1.0,-0.0431
BN_30,a10 g20 R0 T30,1121,-0.094,-6.1427,-0.0735,-0.1144,0/6,-105.2024,-1.0,-0.0365
BN_30,a10 g20 R0 T50,1121,-0.0826,-5.0751,-0.0517,-0.1135,0/6,-92.4974,-1.0,-0.0251
BN_30,a10 g20 R1 T0,1121,-0.1127,-5.4379,-0.0863,-0.1392,0/6,-126.0753,-4.5926,-0.0552
BN_30,a10 g20 R1 T20,1121,-0.1321,-8.4541,-0.1167,-0.1476,0/6,-147.8246,-4.5926,-0.0746
BN_30,a10 g20 R1 T30,1121,-0.1282,-7.6038,-0.1049,-0.1514,0/6,-143.3857,-4.5926,-0.0707
BN_30,a10 g20 R1 T50,1121,-0.1099,-5.8599,-0.0736,-0.1461,0/6,-122.8437,-4.5926,-0.0524
BN_30,a15 g5 R0 T0,1121,-0.0643,-3.7793,-0.0467,-0.0819,0/6,-72.3969,-1.0,-0.0068
BN_30,a15 g5 R0 T20,1121,-0.0969,-6.153,-0.0826,-0.1112,0/6,-108.0824,-1.0,-0.0394
BN_30,a15 g5 R0 T30,1121,-0.0812,-5.0031,-0.0679,-0.0945,0/6,-90.5371,-1.0,-0.0237
BN_30,a15 g5 R0 T50,1121,-0.0691,-4.1344,-0.054,-0.0842,0/6,-77.2165,-1.0,-0.0116
BN_30,a15 g5 R1 T0,1121,-0.1167,-6.4197,-0.1153,-0.1181,0/6,-130.3647,-1.8,-0.0592
BN_30,a15 g5 R1 T20,1121,-0.1117,-7.0191,-0.0984,-0.1249,0/6,-124.4582,-1.8,-0.0541
BN_30,a15 g5 R1 T30,1121,-0.1084,-6.4485,-0.0939,-0.1229,0/6,-120.9882,-1.8,-0.0509
BN_30,a15 g5 R1 T50,1121,-0.1192,-6.706,-0.1206,-0.1177,0/6,-133.1386,-1.8,-0.0616
BN_30,a15 g10 R0 T0,1121,-0.0709,-4.0152,-0.0594,-0.0823,0/6,-78.5886,-1.0,-0.0134
BN_30,a15 g10 R0 T20,1121,-0.102,-6.4544,-0.0872,-0.1167,0/6,-113.3666,-1.0,-0.0444
BN_30,a15 g10 R0 T30,1121,-0.0872,-5.3421,-0.0729,-0.1016,0/6,-96.983,-1.0,-0.0297
BN_30,a15 g10 R0 T50,1121,-0.0716,-4.1949,-0.0526,-0.0905,0/6,-79.4884,-1.0,-0.0141
BN_30,a15 g10 R1 T0,1121,-0.1106,-5.6648,-0.097,-0.1241,0/6,-123.2173,-2.125,-0.0531
BN_30,a15 g10 R1 T20,1121,-0.1151,-7.2018,-0.1009,-0.1293,0/6,-128.0344,-1.2533,-0.0576
BN_30,a15 g10 R1 T30,1121,-0.1128,-6.613,-0.0928,-0.1328,0/6,-125.5133,-2.125,-0.0553
BN_30,a15 g10 R1 T50,1121,-0.1093,-5.8738,-0.0855,-0.1332,0/6,-122.5263,-2.125,-0.0518
BN_30,a15 g15 R0 T0,1121,-0.0703,-3.8145,-0.0479,-0.0926,0/6,-77.8368,-1.0,-0.0128
BN_30,a15 g15 R0 T20,1121,-0.1041,-6.5837,-0.0886,-0.1197,0/6,-115.7589,-1.0,-0.0466
BN_30,a15 g15 R0 T30,1121,-0.0936,-5.6815,-0.0774,-0.1097,0/6,-104.0227,-1.0,-0.036
BN_30,a15 g15 R0 T50,1121,-0.075,-4.3066,-0.048,-0.1019,0/6,-83.109,-1.0,-0.0175
BN_30,a15 g15 R1 T0,1121,-0.0964,-4.7217,-0.0738,-0.1189,0/6,-107.2422,-2.02,-0.0389
BN_30,a15 g15 R1 T20,1121,-0.1175,-7.3527,-0.1025,-0.1325,0/6,-130.7677,-1.2267,-0.06
BN_30,a15 g15 R1 T30,1121,-0.1148,-6.6731,-0.0967,-0.1328,0/6,-127.6544,-2.02,-0.0573
BN_30,a15 g15 R1 T50,1121,-0.0995,-5.2556,-0.0677,-0.1313,0/6,-110.5632,-2.02,-0.042
BN_30,a15 g20 R0 T0,1121,-0.078,-4.1589,-0.0583,-0.0977,0/6,-86.9684,-1.0,-0.0205
BN_30,a15 g20 R0 T20,1121,-0.104,-6.57,-0.0886,-0.1193,0/6,-115.5751,-1.0,-0.0464
BN_30,a15 g20 R0 T30,1121,-0.0953,-5.7688,-0.0779,-0.1127,0/6,-105.9923,-1.0,-0.0378
BN_30,a15 g20 R0 T50,1121,-0.0788,-4.4748,-0.0491,-0.1085,0/6,-87.3591,-1.0,-0.0213
BN_30,a15 g20 R1 T0,1121,-0.0969,-4.581,-0.0706,-0.1231,0/6,-109.0896,-2.4138,-0.0394
BN_30,a15 g20 R1 T20,1121,-0.1163,-7.2621,-0.101,-0.1315,0/6,-129.3588,-1.2267,-0.0588
BN_30,a15 g20 R1 T30,1121,-0.1123,-6.5296,-0.0892,-0.1354,0/6,-124.9199,-2.4138,-0.0548
BN_30,a15 g20 R1 T50,1121,-0.094,-4.9045,-0.0579,-0.13,0/6,-104.3779,-2.4138,-0.0365
BN_30,a20 g5 R0 T0,1121,-0.0563,-3.0804,-0.0273,-0.0851,0/6,-62.8866,-1.0,0.0013
BN_30,a20 g5 R0 T20,1121,-0.1013,-6.0694,-0.076,-0.1264,0/6,-112.5159,-1.0,-0.0438
BN_30,a20 g5 R0 T30,1121,-0.0796,-4.6055,-0.0551,-0.104,0/6,-88.1978,-1.0,-0.0221
BN_30,a20 g5 R0 T50,1121,-0.0632,-3.5298,-0.0357,-0.0905,0/6,-70.2427,-1.0,-0.0056
BN_30,a20 g5 R1 T0,1121,-0.1052,-5.5108,-0.0922,-0.1181,0/6,-116.8774,-1.7333,-0.0476
BN_30,a20 g5 R1 T20,1121,-0.1056,-6.326,-0.0824,-0.1288,0/6,-117.3938,-1.0,-0.0481
BN_30,a20 g5 R1 T30,1121,-0.0987,-5.6199,-0.0774,-0.1199,0/6,-109.6156,-1.597,-0.0412
BN_30,a20 g5 R1 T50,1121,-0.1086,-5.8228,-0.0982,-0.119,0/6,-120.7534,-1.7333,-0.0511
BN_30,a20 g10 R0 T0,1121,-0.0617,-3.2838,-0.0422,-0.0812,0/6,-68.2126,-1.0,-0.0042
BN_30,a20 g10 R0 T20,1121,-0.1027,-6.1449,-0.0779,-0.1274,0/6,-114.1324,-1.0,-0.0452
BN_30,a20 g10 R0 T30,1121,-0.0836,-4.8215,-0.0602,-0.107,0/6,-92.751,-1.0,-0.0261
BN_30,a20 g10 R0 T50,1121,-0.0644,-3.5436,-0.0367,-0.092,0/6,-71.1891,-1.0,-0.0069
BN_30,a20 g10 R1 T0,1121,-0.0992,-4.8833,-0.0776,-0.1207,0/6,-110.2038,-2.08,-0.0417
BN_30,a20 g10 R1 T20,1121,-0.1052,-6.287,-0.0807,-0.1296,0/6,-116.9017,-1.0,-0.0477
BN_30,a20 g10 R1 T30,1121,-0.1014,-5.7066,-0.0762,-0.1266,0/6,-112.7016,-1.4912,-0.0439
BN_30,a20 g10 R1 T50,1121,-0.099,-5.1064,-0.068,-0.13,0/6,-110.0105,-1.9828,-0.0415
BN_30,a20 g15 R0 T0,1121,-0.059,-3.0242,-0.03,-0.088,1/6,-65.6418,-1.0,-0.0015
BN_30,a20 g15 R0 T20,1121,-0.1027,-6.1421,-0.0787,-0.1266,0/6,-114.1216,-1.0,-0.0452
BN_30,a20 g15 R0 T30,1121,-0.088,-5.0435,-0.0642,-0.1118,0/6,-97.6705,-1.0,-0.0305
BN_30,a20 g15 R0 T50,1121,-0.066,-3.5712,-0.0321,-0.0998,1/6,-72.974,-1.0,-0.0085
BN_30,a20 g15 R1 T0,1121,-0.0828,-3.9179,-0.0518,-0.1138,0/6,-91.8538,-2.02,-0.0253
BN_30,a20 g15 R1 T20,1121,-0.104,-6.2123,-0.0808,-0.1271,0/6,-115.556,-1.0,-0.0465
BN_30,a20 g15 R1 T30,1121,-0.1012,-5.6417,-0.0749,-0.1275,0/6,-112.4433,-2.02,-0.0437
BN_30,a20 g15 R1 T50,1121,-0.0861,-4.3771,-0.0458,-0.1264,1/6,-95.5493,-2.02,-0.0286
BN_30,a20 g20 R0 T0,1121,-0.0658,-3.3103,-0.039,-0.0926,1/6,-74.1272,-1.0,-0.0083
BN_30,a20 g20 R0 T20,1121,-0.1022,-6.1089,-0.0788,-0.1256,0/6,-113.5449,-1.0,-0.0447
BN_30,a20 g20 R0 T30,1121,-0.0889,-5.0772,-0.0645,-0.1133,0/6,-98.6699,-1.0,-0.0314
BN_30,a20 g20 R0 T50,1121,-0.0679,-3.6298,-0.0321,-0.1037,1/6,-75.1597,-1.0,-0.0104
BN_30,a20 g20 R1 T0,1121,-0.0847,-3.8716,-0.0502,-0.119,1/6,-94.9708,-2.4138,-0.0272
BN_30,a20 g20 R1 T20,1121,-0.1041,-6.212,-0.0807,-0.1274,0/6,-115.669,-1.0,-0.0466
BN_30,a20 g20 R1 T30,1121,-0.1001,-5.5809,-0.0689,-0.1313,0/6,-111.2301,-2.4138,-0.0426
BN_30,a20 g20 R1 T50,1121,-0.0818,-4.1081,-0.0376,-0.1259,1/6,-90.6881,-2.4138,-0.0243
BN_30,a30 g5 R0 T0,1121,-0.0601,-2.9827,-0.0167,-0.1036,1/6,-70.6448,-1.0,-0.0026
BN_30,a30 g5 R0 T20,1121,-0.1062,-6.2642,-0.0808,-0.1316,0/6,-118.0836,-1.0,-0.0487
BN_30,a30 g5 R0 T30,1121,-0.0918,-4.8538,-0.0519,-0.1317,0/6,-101.9161,-1.0,-0.0343
BN_30,a30 g5 R0 T50,1121,-0.0667,-3.3744,-0.0239,-0.1093,1/6,-77.2101,-1.0,-0.0092
BN_30,a30 g5 R1 T0,1121,-0.0965,-4.6642,-0.0672,-0.1257,0/6,-107.1737,-1.6207,-0.039
BN_30,a30 g5 R1 T20,1121,-0.1062,-6.2642,-0.0808,-0.1316,0/6,-118.0836,-1.0,-0.0487
BN_30,a30 g5 R1 T30,1121,-0.0937,-4.9416,-0.0555,-0.1319,0/6,-104.0467,-1.02,-0.0362
BN_30,a30 g5 R1 T50,1121,-0.0982,-4.8559,-0.0694,-0.1269,0/6,-109.0442,-1.6207,-0.0407
BN_30,a30 g10 R0 T0,1121,-0.0659,-3.1892,-0.0288,-0.1029,1/6,-75.6034,-1.0,-0.0084
BN_30,a30 g10 R0 T20,1121,-0.1062,-6.2642,-0.0808,-0.1316,0/6,-118.0836,-1.0,-0.0487
BN_30,a30 g10 R0 T30,1121,-0.0924,-4.8866,-0.0516,-0.1332,0/6,-102.6132,-1.0,-0.0349
BN_30,a30 g10 R0 T50,1121,-0.0677,-3.3904,-0.0223,-0.113,1/6,-77.488,-1.0,-0.0102
BN_30,a30 g10 R1 T0,1121,-0.0878,-4.0568,-0.0509,-0.1246,0/6,-97.7697,-2.08,-0.0303
BN_30,a30 g10 R1 T20,1121,-0.1062,-6.2642,-0.0808,-0.1316,0/6,-118.0836,-1.0,-0.0487
BN_30,a30 g10 R1 T30,1121,-0.0938,-4.9473,-0.0531,-0.1344,0/6,-104.128,-1.0154,-0.0363
BN_30,a30 g10 R1 T50,1121,-0.084,-4.0691,-0.0356,-0.1324,1/6,-95.3058,-1.9828,-0.0265
BN_30,a30 g15 R0 T0,1121,-0.0597,-2.811,-0.0155,-0.1039,1/6,-70.4976,-1.0,-0.0022
BN_30,a30 g15 R0 T20,1121,-0.1062,-6.2642,-0.0808,-0.1316,0/6,-118.0836,-1.0,-0.0487
BN_30,a30 g15 R0 T30,1121,-0.0923,-4.8772,-0.0509,-0.1336,0/6,-102.4586,-1.0,-0.0348
BN_30,a30 g15 R0 T50,1121,-0.0655,-3.2506,-0.0138,-0.117,1/6,-75.4237,-1.0,-0.008
BN_30,a30 g15 R1 T0,1121,-0.0748,-3.3666,-0.0314,-0.118,1/6,-84.1478,-1.6613,-0.0172
BN_30,a30 g15 R1 T20,1121,-0.1062,-6.2642,-0.0808,-0.1316,0/6,-118.0836,-1.0,-0.0487
BN_30,a30 g15 R1 T30,1121,-0.0928,-4.8968,-0.0509,-0.1346,0/6,-103.0152,-1.0,-0.0353
BN_30,a30 g15 R1 T50,1121,-0.0765,-3.6944,-0.0205,-0.1324,1/6,-85.8035,-1.6613,-0.019
BN_30,a30 g20 R0 T0,1121,-0.0672,-3.1226,-0.0257,-0.1087,1/6,-77.803,-1.0,-0.0097
BN_30,a30 g20 R0 T20,1121,-0.1062,-6.2642,-0.0808,-0.1316,0/6,-118.0836,-1.0,-0.0487
BN_30,a30 g20 R0 T30,1121,-0.0921,-4.8647,-0.0507,-0.1334,0/6,-102.2326,-1.0,-0.0346
BN_30,a30 g20 R0 T50,1121,-0.0695,-3.4328,-0.0159,-0.123,1/6,-77.9916,-1.0,-0.012
BN_30,a30 g20 R1 T0,1121,-0.0787,-3.4629,-0.0336,-0.1238,1/6,-89.9177,-1.9778,-0.0212
BN_30,a30 g20 R1 T20,1121,-0.1062,-6.2642,-0.0808,-0.1316,0/6,-118.0836,-1.0,-0.0487
BN_30,a30 g20 R1 T30,1121,-0.0927,-4.8965,-0.0515,-0.1339,0/6,-102.948,-1.0,-0.0352
BN_30,a30 g20 R1 T50,1121,-0.0762,-3.653,-0.0215,-0.1309,1/6,-85.2168,-1.871,-0.0187
BN_60,HOLD,1108,-0.0306,-1.3038,-0.0262,-0.035,1/6,-42.7014,-1.0,0.0
BN_60,a0 g5 R0 T0,1108,-0.0282,-2.7782,-0.0275,-0.0289,0/6,-33.8606,-1.0,0.0024
BN_60,a0 g5 R0 T20,1108,-0.043,-4.5694,-0.0447,-0.0413,0/6,-49.5509,-1.0,-0.0124
BN_60,a0 g5 R0 T30,1108,-0.0369,-3.8365,-0.0369,-0.0369,0/6,-42.9985,-1.0,-0.0063
BN_60,a0 g5 R0 T50,1108,-0.0308,-3.089,-0.0312,-0.0305,0/6,-36.8757,-1.0,-0.0002
BN_60,a0 g5 R1 T0,1108,-0.1078,-7.8846,-0.1334,-0.0822,0/6,-119.707,-2.2206,-0.0771
BN_60,a0 g5 R1 T20,1108,-0.1159,-10.4565,-0.1335,-0.0984,0/6,-128.5095,-2.2206,-0.0853
BN_60,a0 g5 R1 T30,1108,-0.1125,-9.3723,-0.1244,-0.1006,0/6,-124.9275,-2.2206,-0.0819
BN_60,a0 g5 R1 T50,1108,-0.1111,-8.3059,-0.1355,-0.0868,0/6,-123.6615,-2.2206,-0.0805
BN_60,a0 g10 R0 T0,1108,-0.0294,-2.7821,-0.033,-0.0259,1/6,-36.3706,-1.0,0.0012
BN_60,a0 g10 R0 T20,1108,-0.0451,-4.7818,-0.0459,-0.0443,0/6,-51.7685,-1.0,-0.0145
BN_60,a0 g10 R0 T30,1108,-0.0384,-3.9676,-0.0368,-0.0401,0/6,-44.8372,-1.0,-0.0078
BN_60,a0 g10 R0 T50,1108,-0.0336,-3.3036,-0.0355,-0.0318,0/6,-40.168,-1.0,-0.003
BN_60,a0 g10 R1 T0,1108,-0.1087,-6.9492,-0.1397,-0.0778,0/6,-121.1438,-3.0,-0.078
BN_60,a0 g10 R1 T20,1108,-0.1212,-10.5643,-0.1312,-0.1112,0/6,-134.5158,-2.6667,-0.0905
BN_60,a0 g10 R1 T30,1108,-0.1157,-9.1158,-0.1251,-0.1063,0/6,-128.6907,-2.6667,-0.0851
BN_60,a0 g10 R1 T50,1108,-0.1097,-7.4842,-0.1281,-0.0913,0/6,-122.4192,-2.6667,-0.079
BN_60,a0 g15 R0 T0,1108,-0.0359,-3.2907,-0.0359,-0.0359,1/6,-42.3069,-1.0,-0.0053
BN_60,a0 g15 R0 T20,1108,-0.0457,-4.8304,-0.0459,-0.0455,0/6,-52.4101,-1.0,-0.0151
BN_60,a0 g15 R0 T30,1108,-0.0418,-4.2666,-0.0404,-0.0432,0/6,-48.6592,-1.0,-0.0112
BN_60,a0 g15 R0 T50,1108,-0.0393,-3.7903,-0.0391,-0.0394,0/6,-45.4747,-1.0,-0.0087
BN_60,a0 g15 R1 T0,1108,-0.1058,-6.3059,-0.1326,-0.079,0/6,-118.2737,-2.7,-0.0752
BN_60,a0 g15 R1 T20,1108,-0.1251,-10.5957,-0.1336,-0.1165,0/6,-138.9705,-2.6667,-0.0944
BN_60,a0 g15 R1 T30,1108,-0.12,-9.0021,-0.1287,-0.1114,0/6,-133.5573,-2.7,-0.0894
BN_60,a0 g15 R1 T50,1108,-0.1075,-7.0097,-0.1233,-0.0917,0/6,-120.1157,-2.7,-0.0769
BN_60,a0 g20 R0 T0,1108,-0.0391,-3.5219,-0.0421,-0.0362,1/6,-45.3801,-1.0,-0.0085
BN_60,a0 g20 R0 T20,1108,-0.046,-4.8579,-0.0461,-0.0458,0/6,-52.6949,-1.0,-0.0153
BN_60,a0 g20 R0 T30,1108,-0.0429,-4.3351,-0.0421,-0.0437,0/6,-49.7243,-1.0,-0.0123
BN_60,a0 g20 R0 T50,1108,-0.043,-4.0871,-0.0446,-0.0414,0/6,-49.1006,-1.0,-0.0124
BN_60,a0 g20 R1 T0,1108,-0.1015,-5.8251,-0.1234,-0.0797,0/6,-113.2938,-2.6667,-0.0709
BN_60,a0 g20 R1 T20,1108,-0.1251,-10.623,-0.1319,-0.1184,0/6,-139.0715,-2.6667,-0.0945
BN_60,a0 g20 R1 T30,1108,-0.1217,-9.0664,-0.1269,-0.1165,0/6,-135.3845,-2.6667,-0.0911
BN_60,a0 g20 R1 T50,1108,-0.1073,-6.8885,-0.1177,-0.0968,0/6,-119.8326,-2.6667,-0.0766
BN_60,a5 g5 R0 T0,1108,-0.0294,-2.218,-0.0294,-0.0295,0/6,-35.2453,-1.0,0.0012
BN_60,a5 g5 R0 T20,1108,-0.0553,-4.5016,-0.0594,-0.0513,0/6,-62.478,-1.0,-0.0247
BN_60,a5 g5 R0 T30,1108,-0.0445,-3.5244,-0.0458,-0.0432,0/6,-50.9079,-1.0,-0.0139
BN_60,a5 g5 R0 T50,1108,-0.0319,-2.4335,-0.0312,-0.0326,0/6,-37.9767,-1.0,-0.0013
BN_60,a5 g5 R1 T0,1108,-0.0874,-5.6873,-0.1095,-0.0654,0/6,-98.2217,-1.7273,-0.0568
BN_60,a5 g5 R1 T20,1108,-0.0955,-7.3263,-0.1095,-0.0816,0/6,-106.7542,-1.7273,-0.0649
BN_60,a5 g5 R1 T30,1108,-0.0923,-6.6487,-0.1008,-0.0839,0/6,-103.5234,-1.7273,-0.0617
BN_60,a5 g5 R1 T50,1108,-0.0907,-6.0059,-0.1115,-0.07,0/6,-102.1762,-1.7273,-0.0601
BN_60,a5 g10 R0 T0,1108,-0.0362,-2.5766,-0.0516,-0.0209,0/6,-43.4609,-1.0,-0.0056
BN_60,a5 g10 R0 T20,1108,-0.0587,-4.7396,-0.0636,-0.0538,0/6,-66.2551,-1.0,-0.0281
BN_60,a5 g10 R0 T30,1108,-0.0459,-3.5804,-0.0482,-0.0437,0/6,-52.3935,-1.0,-0.0153
BN_60,a5 g10 R0 T50,1108,-0.0336,-2.4655,-0.0399,-0.0274,0/6,-39.7344,-1.0,-0.003
BN_60,a5 g10 R1 T0,1108,-0.0883,-5.1451,-0.1158,-0.061,0/6,-99.5586,-2.8261,-0.0577
BN_60,a5 g10 R1 T20,1108,-0.1008,-7.5041,-0.1072,-0.0944,0/6,-112.5701,-2.5152,-0.0702
BN_60,a5 g10 R1 T30,1108,-0.0954,-6.5806,-0.1013,-0.0896,0/6,-106.7516,-2.5152,-0.0648
BN_60,a5 g10 R1 T50,1108,-0.0893,-5.469,-0.1042,-0.0745,0/6,-100.6422,-2.5152,-0.0587
BN_60,a5 g15 R0 T0,1108,-0.0384,-2.6214,-0.0465,-0.0304,0/6,-44.8132,-1.0,-0.0078
BN_60,a5 g15 R0 T20,1108,-0.0594,-4.779,-0.0635,-0.0553,0/6,-67.1445,-1.0,-0.0288
BN_60,a5 g15 R0 T30,1108,-0.0498,-3.8422,-0.0523,-0.0473,0/6,-56.4876,-1.0,-0.0192
BN_60,a5 g15 R0 T50,1108,-0.0383,-2.7515,-0.0419,-0.0348,0/6,-44.1076,-1.0,-0.0077
BN_60,a5 g15 R1 T0,1108,-0.0854,-4.6936,-0.1087,-0.0623,0/6,-96.5635,-2.5152,-0.0548
BN_60,a5 g15 R1 T20,1108,-0.1047,-7.6594,-0.1097,-0.0997,0/6,-117.1808,-2.5152,-0.0741
BN_60,a5 g15 R1 T30,1108,-0.0997,-6.636,-0.1047,-0.0946,0/6,-111.5685,-2.5152,-0.069
BN_60,a5 g15 R1 T50,1108,-0.0872,-5.1577,-0.0994,-0.075,0/6,-98.4088,-2.5152,-0.0565
BN_60,a5 g20 R0 T0,1108,-0.0406,-2.7212,-0.0537,-0.0275,0/6,-46.6113,-1.0,-0.01
BN_60,a5 g20 R0 T20,1108,-0.0596,-4.7983,-0.0637,-0.0556,0/6,-67.4137,-1.0,-0.029
BN_60,a5 g20 R0 T30,1108,-0.0513,-3.929,-0.0553,-0.0473,0/6,-57.9205,-1.0,-0.0207
BN_60,a5 g20 R0 T50,1108,-0.0415,-2.9392,-0.0484,-0.0346,0/6,-47.2659,-1.0,-0.0109
BN_60,a5 g20 R1 T0,1108,-0.0812,-4.3098,-0.0995,-0.0629,0/6,-91.5831,-2.5152,-0.0505
BN_60,a5 g20 R1 T20,1108,-0.1048,-7.6738,-0.1079,-0.1017,0/6,-117.2818,-2.5152,-0.0742
BN_60,a5 g20 R1 T30,1108,-0.1014,-6.706,-0.103,-0.0998,0/6,-113.1613,-2.5152,-0.0707
BN_60,a5 g20 R1 T50,1108,-0.0869,-5.067,-0.0938,-0.0801,0/6,-97.5222,-2.5152,-0.0563
BN_60,a10 g5 R0 T0,1108,-0.0253,-1.7116,-0.025,-0.0256,0/6,-32.6413,-1.0,0.0053
BN_60,a10 g5 R0 T20,1108,-0.0542,-3.9678,-0.056,-0.0524,0/6,-61.4619,-1.0,-0.0236
BN_60,a10 g5 R0 T30,1108,-0.0428,-3.0502,-0.0427,-0.0429,0/6,-49.1757,-1.0,-0.0122
BN_60,a10 g5 R0 T50,1108,-0.0298,-2.0496,-0.0288,-0.0309,0/6,-37.4356,-1.0,0.0008
BN_60,a10 g5 R1 T0,1108,-0.0735,-4.4931,-0.0901,-0.057,0/6,-83.3995,-1.6038,-0.0429
BN_60,a10 g5 R1 T20,1108,-0.0806,-5.7227,-0.0886,-0.0727,0/6,-90.5413,-1.5882,-0.05
BN_60,a10 g5 R1 T30,1108,-0.0789,-5.2915,-0.0822,-0.0755,0/6,-89.1135,-1.5882,-0.0482
BN_60,a10 g5 R1 T50,1108,-0.0771,-4.8003,-0.0925,-0.0618,0/6,-87.646,-1.6038,-0.0465
BN_60,a10 g10 R0 T0,1108,-0.0336,-2.159,-0.049,-0.0182,0/6,-40.3751,-1.0,-0.003
BN_60,a10 g10 R0 T20,1108,-0.0601,-4.3864,-0.0632,-0.057,0/6,-68.0222,-1.0,-0.0295
BN_60,a10 g10 R0 T30,1108,-0.0475,-3.347,-0.0489,-0.0461,0/6,-54.4094,-1.0,-0.0169
BN_60,a10 g10 R0 T50,1108,-0.0338,-2.2496,-0.0404,-0.0272,0/6,-39.7994,-1.0,-0.0032
BN_60,a10 g10 R1 T0,1108,-0.076,-4.2455,-0.0985,-0.0535,0/6,-86.2807,-2.8261,-0.0454
BN_60,a10 g10 R1 T20,1108,-0.0879,-6.1436,-0.0893,-0.0864,0/6,-98.415,-1.4853,-0.0572
BN_60,a10 g10 R1 T30,1108,-0.0827,-5.4251,-0.0841,-0.0814,0/6,-92.9745,-1.4853,-0.0521
BN_60,a10 g10 R1 T50,1108,-0.077,-4.5248,-0.087,-0.067,0/6,-87.3643,-1.9273,-0.0464
BN_60,a10 g15 R0 T0,1108,-0.0336,-2.0664,-0.0442,-0.0231,0/6,-39.8482,-1.0,-0.003
BN_60,a10 g15 R0 T20,1108,-0.0612,-4.4542,-0.063,-0.0595,0/6,-69.3855,-1.0,-0.0306
BN_60,a10 g15 R0 T30,1108,-0.0506,-3.5271,-0.0516,-0.0497,0/6,-57.6427,-1.0,-0.02
BN_60,a10 g15 R0 T50,1108,-0.037,-2.4049,-0.0413,-0.0327,0/6,-43.0139,-1.0,-0.0063
BN_60,a10 g15 R1 T0,1108,-0.0731,-3.8658,-0.0915,-0.0548,0/6,-83.6635,-2.3478,-0.0425
BN_60,a10 g15 R1 T20,1108,-0.0919,-6.343,-0.0919,-0.092,0/6,-103.2238,-1.4853,-0.0613
BN_60,a10 g15 R1 T30,1108,-0.087,-5.5394,-0.0875,-0.0864,0/6,-97.7913,-2.02,-0.0563
BN_60,a10 g15 R1 T50,1108,-0.0748,-4.2582,-0.0822,-0.0675,0/6,-85.5087,-2.2182,-0.0442
BN_60,a10 g20 R0 T0,1108,-0.0342,-2.0638,-0.0511,-0.0173,0/6,-40.0022,-1.0,-0.0035
BN_60,a10 g20 R0 T20,1108,-0.0619,-4.4991,-0.0631,-0.0607,0/6,-70.0884,-1.0,-0.0312
BN_60,a10 g20 R0 T30,1108,-0.0525,-3.6312,-0.0542,-0.0508,0/6,-59.5247,-1.0,-0.0219
BN_60,a10 g20 R0 T50,1108,-0.0383,-2.4551,-0.0464,-0.0303,0/6,-44.2738,-1.0,-0.0077
BN_60,a10 g20 R1 T0,1108,-0.0688,-3.5105,-0.0822,-0.0554,0/6,-78.7688,-2.4231,-0.0382
BN_60,a10 g20 R1 T20,1108,-0.0919,-6.3409,-0.0901,-0.0938,0/6,-103.2005,-1.4853,-0.0613
BN_60,a10 g20 R1 T30,1108,-0.0888,-5.5914,-0.0858,-0.0919,0/6,-99.2524,-2.3519,-0.0582
BN_60,a10 g20 R1 T50,1108,-0.0746,-4.1547,-0.0766,-0.0726,0/6,-84.3735,-2.4231,-0.0439
BN_60,a15 g5 R0 T0,1108,-0.0284,-1.7522,-0.0299,-0.0269,0/6,-37.7032,-1.0,0.0022
BN_60,a15 g5 R0 T20,1108,-0.0635,-4.237,-0.0675,-0.0594,0/6,-72.0245,-1.0,-0.0328
BN_60,a15 g5 R0 T30,1108,-0.0492,-3.1921,-0.051,-0.0474,0/6,-57.2321,-1.0,-0.0185
BN_60,a15 g5 R0 T50,1108,-0.0335,-2.0982,-0.0339,-0.0331,0/6,-43.052,-1.0,-0.0029
BN_60,a15 g5 R1 T0,1108,-0.0693,-3.9653,-0.0896,-0.0491,0/6,-78.9725,-1.6038,-0.0387
BN_60,a15 g5 R1 T20,1108,-0.0774,-5.0881,-0.0875,-0.0674,0/6,-87.4448,-1.5882,-0.0468
BN_60,a15 g5 R1 T30,1108,-0.0747,-4.6873,-0.0812,-0.0684,0/6,-84.6377,-1.5882,-0.0441
BN_60,a15 g5 R1 T50,1108,-0.0731,-4.2579,-0.0918,-0.0546,0/6,-83.5318,-1.6038,-0.0425
BN_60,a15 g10 R0 T0,1108,-0.0333,-1.9596,-0.0496,-0.0171,0/6,-42.7694,-1.0,-0.0027
BN_60,a15 g10 R0 T20,1108,-0.0676,-4.5109,-0.0722,-0.063,0/6,-76.869,-1.0,-0.037
BN_60,a15 g10 R0 T30,1108,-0.052,-3.3537,-0.0554,-0.0487,0/6,-60.0086,-1.0,-0.0214
BN_60,a15 g10 R0 T50,1108,-0.036,-2.1857,-0.0431,-0.0288,0/6,-44.8013,-1.0,-0.0053
BN_60,a15 g10 R1 T0,1108,-0.068,-3.6348,-0.092,-0.0442,0/6,-77.7639,-2.1739,-0.0374
BN_60,a15 g10 R1 T20,1108,-0.0802,-5.2732,-0.082,-0.0784,0/6,-90.8873,-1.1646,-0.0496
BN_60,a15 g10 R1 T30,1108,-0.0757,-4.6812,-0.0783,-0.073,0/6,-86.198,-1.3529,-0.045
BN_60,a15 g10 R1 T50,1108,-0.0694,-3.8787,-0.0808,-0.0579,0/6,-79.2038,-1.9273,-0.0387
BN_60,a15 g15 R0 T0,1108,-0.0374,-2.1091,-0.0494,-0.0254,0/6,-47.3854,-1.0,-0.0068
BN_60,a15 g15 R0 T20,1108,-0.0688,-4.5769,-0.0713,-0.0663,0/6,-78.3195,-1.0,-0.0381
BN_60,a15 g15 R0 T30,1108,-0.0574,-3.6538,-0.059,-0.0558,0/6,-65.7723,-1.0,-0.0268
BN_60,a15 g15 R0 T50,1108,-0.0417,-2.484,-0.0457,-0.0378,0/6,-49.4032,-1.0,-0.0111
BN_60,a15 g15 R1 T0,1108,-0.0646,-3.3145,-0.0832,-0.0461,0/6,-74.2082,-2.2182,-0.034
BN_60,a15 g15 R1 T20,1108,-0.0835,-5.4533,-0.0836,-0.0833,0/6,-94.6065,-1.3125,-0.0528
BN_60,a15 g15 R1 T30,1108,-0.0785,-4.7787,-0.0792,-0.0778,0/6,-89.3572,-2.02,-0.0479
BN_60,a15 g15 R1 T50,1108,-0.0664,-3.6312,-0.0739,-0.0588,0/6,-76.2141,-2.2182,-0.0357
BN_60,a15 g20 R0 T0,1108,-0.0361,-2.0004,-0.0551,-0.0173,0/6,-44.7575,-1.0,-0.0055
BN_60,a15 g20 R0 T20,1108,-0.0694,-4.6209,-0.0714,-0.0675,0/6,-79.0665,-1.0,-0.0388
BN_60,a15 g20 R0 T30,1108,-0.0594,-3.7586,-0.0619,-0.0569,0/6,-68.0001,-1.0,-0.0288
BN_60,a15 g20 R0 T50,1108,-0.0418,-2.4526,-0.0512,-0.0326,0/6,-48.9989,-1.0,-0.0112
BN_60,a15 g20 R1 T0,1108,-0.0603,-2.9926,-0.074,-0.0468,0/6,-69.367,-2.4231,-0.0297
BN_60,a15 g20 R1 T20,1108,-0.0834,-5.451,-0.0818,-0.0851,0/6,-94.5832,-1.3125,-0.0528
BN_60,a15 g20 R1 T30,1108,-0.0804,-4.8468,-0.0775,-0.0832,0/6,-91.3527,-2.3519,-0.0497
BN_60,a15 g20 R1 T50,1108,-0.0661,-3.5462,-0.0683,-0.0639,0/6,-75.2252,-2.4231,-0.0355
BN_60,a20 g5 R0 T0,1108,-0.0204,-1.185,-0.0181,-0.0227,0/6,-28.3764,-1.0,0.0102
BN_60,a20 g5 R0 T20,1108,-0.063,-3.9771,-0.0604,-0.0657,0/6,-71.2804,-1.0,-0.0324
BN_60,a20 g5 R0 T30,1108,-0.0436,-2.6618,-0.0395,-0.0476,0/6,-51.9995,-1.0,-0.0129
BN_60,a20 g5 R0 T50,1108,-0.0251,-1.4757,-0.0201,-0.03,0/6,-34.6739,-1.0,0.0056
BN_60,a20 g5 R1 T0,1108,-0.0567,-3.0886,-0.0715,-0.042,0/6,-64.59,-1.6038,-0.0261
BN_60,a20 g5 R1 T20,1108,-0.0698,-4.3751,-0.0714,-0.0682,0/6,-78.818,-1.5882,-0.0392
BN_60,a20 g5 R1 T30,1108,-0.0629,-3.7357,-0.0636,-0.0622,0/6,-71.4517,-1.5882,-0.0323
BN_60,a20 g5 R1 T50,1108,-0.0603,-3.3425,-0.0715,-0.0491,0/6,-68.7973,-1.6038,-0.0296
BN_60,a20 g10 R0 T0,1108,-0.022,-1.2147,-0.033,-0.011,1/6,-30.9241,-1.0,0.0087
BN_60,a20 g10 R0 T20,1108,-0.0638,-4.0281,-0.0605,-0.0672,0/6,-72.1862,-1.0,-0.0332
BN_60,a20 g10 R0 T30,1108,-0.0444,-2.6893,-0.0393,-0.0494,0/6,-52.126,-1.0,-0.0137
BN_60,a20 g10 R0 T50,1108,-0.0234,-1.3371,-0.024,-0.0228,0/6,-31.8166,-1.0,0.0072
BN_60,a20 g10 R1 T0,1108,-0.0539,-2.7703,-0.0708,-0.0371,0/6,-61.7012,-2.1739,-0.0233
BN_60,a20 g10 R1 T20,1108,-0.0682,-4.2934,-0.0641,-0.0723,0/6,-77.0087,-1.0,-0.0376
BN_60,a20 g10 R1 T30,1108,-0.0639,-3.7772,-0.0592,-0.0684,0/6,-73.617,-1.3529,-0.0332
BN_60,a20 g10 R1 T50,1108,-0.054,-2.9053,-0.0571,-0.0509,0/6,-62.9821,-1.9273,-0.0234
BN_60,a20 g15 R0 T0,1108,-0.0236,-1.2547,-0.0321,-0.0151,1/6,-31.7777,-1.0,0.0071
BN_60,a20 g15 R0 T20,1108,-0.0637,-4.0138,-0.0607,-0.0666,0/6,-71.9774,-1.0,-0.033
BN_60,a20 g15 R0 T30,1108,-0.049,-2.948,-0.0442,-0.0539,0/6,-56.0321,-1.0,-0.0184
BN_60,a20 g15 R0 T50,1108,-0.0286,-1.6057,-0.0275,-0.0296,0/6,-35.6739,-1.0,0.002
BN_60,a20 g15 R1 T0,1108,-0.0493,-2.4501,-0.065,-0.0336,0/6,-56.6433,-2.2182,-0.0187
BN_60,a20 g15 R1 T20,1108,-0.0684,-4.3024,-0.0657,-0.0711,0/6,-77.2647,-1.0,-0.0378
BN_60,a20 g15 R1 T30,1108,-0.0634,-3.7198,-0.0613,-0.0655,0/6,-72.117,-2.02,-0.0328
BN_60,a20 g15 R1 T50,1108,-0.0508,-2.691,-0.0553,-0.0464,0/6,-58.4747,-2.2182,-0.0202
BN_60,a20 g20 R0 T0,1108,-0.0246,-1.2862,-0.0398,-0.0094,1/6,-32.4132,-1.0,0.006
BN_60,a20 g20 R0 T20,1108,-0.0641,-4.042,-0.0608,-0.0674,0/6,-72.4892,-1.0,-0.0335
BN_60,a20 g20 R0 T30,1108,-0.0518,-3.0961,-0.0489,-0.0547,0/6,-59.0923,-1.0,-0.0212
BN_60,a20 g20 R0 T50,1108,-0.0301,-1.6648,-0.0339,-0.0263,0/6,-37.2087,-1.0,0.0005
BN_60,a20 g20 R1 T0,1108,-0.045,-2.1685,-0.056,-0.0341,0/6,-53.1792,-2.4231,-0.0144
BN_60,a20 g20 R1 T20,1108,-0.0681,-4.2795,-0.0638,-0.0724,0/6,-76.9309,-1.1695,-0.0375
BN_60,a20 g20 R1 T30,1108,-0.065,-3.7844,-0.0596,-0.0705,0/6,-73.8808,-2.3519,-0.0344
BN_60,a20 g20 R1 T50,1108,-0.0508,-2.6342,-0.0503,-0.0512,0/6,-58.9069,-2.4231,-0.0202
BN_60,a30 g5 R0 T0,1108,-0.0209,-1.074,-0.0163,-0.0254,2/6,-35.5914,-1.0,0.0098
BN_60,a30 g5 R0 T20,1108,-0.0642,-3.9836,-0.0608,-0.0677,0/6,-72.5829,-1.0,-0.0336
BN_60,a30 g5 R0 T30,1108,-0.0534,-2.94,-0.0409,-0.0658,0/6,-64.5045,-1.0,-0.0228
BN_60,a30 g5 R0 T50,1108,-0.0279,-1.464,-0.0212,-0.0347,1/6,-43.2475,-1.0,0.0027
BN_60,a30 g5 R1 T0,1108,-0.0446,-2.2202,-0.0503,-0.0389,0/6,-57.0898,-1.6038,-0.014
BN_60,a30 g5 R1 T20,1108,-0.0642,-3.9836,-0.0608,-0.0677,0/6,-72.5829,-1.0,-0.0336
BN_60,a30 g5 R1 T30,1108,-0.0552,-3.039,-0.0423,-0.0681,0/6,-66.9981,-1.0,-0.0246
BN_60,a30 g5 R1 T50,1108,-0.051,-2.5926,-0.053,-0.0491,0/6,-64.3535,-1.6038,-0.0204
BN_60,a30 g10 R0 T0,1108,-0.0248,-1.2413,-0.0291,-0.0204,2/6,-40.5682,-1.0,0.0059
BN_60,a30 g10 R0 T20,1108,-0.0642,-3.9836,-0.0608,-0.0677,0/6,-72.5829,-1.0,-0.0336
BN_60,a30 g10 R0 T30,1108,-0.0536,-2.9513,-0.0414,-0.0658,0/6,-64.7273,-1.0,-0.023
BN_60,a30 g10 R0 T50,1108,-0.0287,-1.4874,-0.0228,-0.0346,1/6,-41.6058,-1.0,0.0019
BN_60,a30 g10 R1 T0,1108,-0.0407,-1.9508,-0.0495,-0.0319,0/6,-54.2203,-2.1739,-0.0101
BN_60,a30 g10 R1 T20,1108,-0.0642,-3.9836,-0.0608,-0.0677,0/6,-72.5829,-1.0,-0.0336
BN_60,a30 g10 R1 T30,1108,-0.055,-3.0191,-0.0421,-0.0678,0/6,-66.5626,-1.0,-0.0243
BN_60,a30 g10 R1 T50,1108,-0.0422,-2.1144,-0.0366,-0.0478,0/6,-54.0034,-1.9273,-0.0116
BN_60,a30 g15 R0 T0,1108,-0.0227,-1.1098,-0.0228,-0.0226,2/6,-39.414,-1.0,0.0079
BN_60,a30 g15 R0 T20,1108,-0.0642,-3.9836,-0.0608,-0.0677,0/6,-72.5829,-1.0,-0.0336
BN_60,a30 g15 R0 T30,1108,-0.0534,-2.9368,-0.0407,-0.066,0/6,-64.5714,-1.0,-0.0228
BN_60,a30 g15 R0 T50,1108,-0.0301,-1.5517,-0.0215,-0.0387,1/6,-42.0534,-1.0,0.0005
BN_60,a30 g15 R1 T0,1108,-0.0388,-1.8256,-0.0441,-0.0335,0/6,-50.8545,-2.2182,-0.0082
BN_60,a30 g15 R1 T20,1108,-0.0642,-3.9836,-0.0608,-0.0677,0/6,-72.5829,-1.0,-0.0336
BN_60,a30 g15 R1 T30,1108,-0.0536,-2.9468,-0.0404,-0.0668,0/6,-65.0415,-1.0,-0.023
BN_60,a30 g15 R1 T50,1108,-0.0397,-1.9867,-0.0329,-0.0466,0/6,-50.4255,-2.2182,-0.0091
BN_60,a30 g20 R0 T0,1108,-0.0231,-1.1177,-0.0287,-0.0176,2/6,-37.8605,-1.0,0.0075
BN_60,a30 g20 R0 T20,1108,-0.0642,-3.9836,-0.0608,-0.0677,0/6,-72.5829,-1.0,-0.0336
BN_60,a30 g20 R0 T30,1108,-0.0535,-2.9436,-0.0406,-0.0664,0/6,-64.7362,-1.0,-0.0229
BN_60,a30 g20 R0 T50,1108,-0.0304,-1.553,-0.025,-0.0358,1/6,-41.5271,-1.0,0.0002
BN_60,a30 g20 R1 T0,1108,-0.0364,-1.6809,-0.039,-0.0339,1/6,-48.3645,-2.4231,-0.0058
BN_60,a30 g20 R1 T20,1108,-0.0642,-3.9836,-0.0608,-0.0677,0/6,-72.5829,-1.0,-0.0336
BN_60,a30 g20 R1 T30,1108,-0.0555,-3.0419,-0.0402,-0.0707,0/6,-67.0207,-1.3455,-0.0249
BN_60,a30 g20 R1 T50,1108,-0.0426,-2.1033,-0.0337,-0.0515,0/6,-54.4409,-2.4231,-0.012
BN_90,HOLD,1052,0.0042,0.1827,0.0423,-0.034,3/6,-31.9683,-1.0,0.0
BN_90,a0 g5 R0 T0,1052,-0.0335,-3.1653,-0.0195,-0.0476,1/6,-35.3128,-1.0,-0.0377
BN_90,a0 g5 R0 T20,1052,-0.0448,-4.6053,-0.0338,-0.0558,0/6,-47.2179,-1.0,-0.049
BN_90,a0 g5 R0 T30,1052,-0.0422,-4.2266,-0.0315,-0.0529,0/6,-44.4561,-1.0,-0.0464
BN_90,a0 g5 R0 T50,1052,-0.0369,-3.5873,-0.0262,-0.0477,0/6,-38.9333,-1.0,-0.0412
BN_90,a0 g5 R1 T0,1052,-0.0947,-6.7092,-0.1113,-0.0781,0/6,-99.4417,-3.4583,-0.0989
BN_90,a0 g5 R1 T20,1052,-0.104,-9.3167,-0.1075,-0.1005,0/6,-109.2716,-1.4477,-0.1082
BN_90,a0 g5 R1 T30,1052,-0.0989,-7.887,-0.1128,-0.085,0/6,-103.9816,-3.4583,-0.1031
BN_90,a0 g5 R1 T50,1052,-0.0969,-7.1211,-0.117,-0.0768,0/6,-101.7799,-3.4583,-0.1012
BN_90,a0 g10 R0 T0,1052,-0.036,-3.2712,-0.0234,-0.0486,0/6,-37.8547,-1.0,-0.0402
BN_90,a0 g10 R0 T20,1052,-0.0466,-4.7695,-0.0362,-0.0571,0/6,-49.2525,-1.0,-0.0509
BN_90,a0 g10 R0 T30,1052,-0.0433,-4.2952,-0.0328,-0.0539,0/6,-45.6144,-1.0,-0.0476
BN_90,a0 g10 R0 T50,1052,-0.0363,-3.4271,-0.0248,-0.0479,1/6,-38.2117,-1.0,-0.0405
BN_90,a0 g10 R1 T0,1052,-0.0907,-5.8429,-0.1019,-0.0794,0/6,-95.4709,-2.125,-0.0949
BN_90,a0 g10 R1 T20,1052,-0.1094,-9.4862,-0.1113,-0.1074,0/6,-115.385,-1.6267,-0.1136
BN_90,a0 g10 R1 T30,1052,-0.1026,-7.8753,-0.1131,-0.092,0/6,-108.1013,-2.0833,-0.1068
BN_90,a0 g10 R1 T50,1052,-0.0818,-5.6641,-0.0844,-0.0792,0/6,-86.1405,-2.0833,-0.0861
BN_90,a0 g15 R0 T0,1052,-0.0384,-3.4647,-0.0246,-0.0523,0/6,-40.6641,-1.0,-0.0427
BN_90,a0 g15 R0 T20,1052,-0.0476,-4.8634,-0.0369,-0.0583,0/6,-50.2808,-1.0,-0.0518
BN_90,a0 g15 R0 T30,1052,-0.0443,-4.3686,-0.0339,-0.0547,0/6,-46.8419,-1.0,-0.0485
BN_90,a0 g15 R0 T50,1052,-0.0367,-3.4179,-0.0238,-0.0496,1/6,-38.8102,-1.0,-0.0409
BN_90,a0 g15 R1 T0,1052,-0.0792,-4.8454,-0.0868,-0.0716,0/6,-83.489,-2.1364,-0.0835
BN_90,a0 g15 R1 T20,1052,-0.1117,-9.4991,-0.1126,-0.1107,0/6,-117.6735,-1.6,-0.1159
BN_90,a0 g15 R1 T30,1052,-0.0977,-7.3922,-0.1066,-0.0886,0/6,-103.068,-2.1364,-0.1019
BN_90,a0 g15 R1 T50,1052,-0.0763,-5.1395,-0.0783,-0.0743,0/6,-80.3989,-2.1364,-0.0805
BN_90,a0 g20 R0 T0,1052,-0.0396,-3.4577,-0.0286,-0.0505,0/6,-41.8437,-1.0,-0.0438
BN_90,a0 g20 R0 T20,1052,-0.0477,-4.8717,-0.0375,-0.058,0/6,-50.3809,-1.0,-0.0519
BN_90,a0 g20 R0 T30,1052,-0.0452,-4.4328,-0.0351,-0.0554,0/6,-47.8123,-1.0,-0.0495
BN_90,a0 g20 R0 T50,1052,-0.0385,-3.5262,-0.027,-0.0501,1/6,-40.7659,-1.0,-0.0428
BN_90,a0 g20 R1 T0,1052,-0.0708,-4.1265,-0.0754,-0.0662,0/6,-74.6392,-2.1364,-0.0751
BN_90,a0 g20 R1 T20,1052,-0.1134,-9.61,-0.1147,-0.1121,0/6,-119.5199,-1.6,-0.1177
BN_90,a0 g20 R1 T30,1052,-0.1001,-7.4535,-0.1043,-0.0959,0/6,-105.6105,-2.1296,-0.1044
BN_90,a0 g20 R1 T50,1052,-0.0734,-4.8371,-0.0784,-0.0685,0/6,-77.397,-2.1364,-0.0777
BN_90,a5 g5 R0 T0,1052,-0.0194,-1.4114,-0.0035,-0.0354,1/6,-27.085,-1.0,-0.0237
BN_90,a5 g5 R0 T20,1052,-0.0424,-3.3788,-0.0312,-0.0536,0/6,-45.2514,-1.0,-0.0466
BN_90,a5 g5 R0 T30,1052,-0.0357,-2.7393,-0.0264,-0.0449,1/6,-41.7699,-1.0,-0.0399
BN_90,a5 g5 R0 T50,1052,-0.0243,-1.8094,-0.0128,-0.0359,1/6,-32.3036,-1.0,-0.0286
BN_90,a5 g5 R1 T0,1052,-0.0629,-3.938,-0.0737,-0.052,0/6,-66.5521,-3.4583,-0.0672
BN_90,a5 g5 R1 T20,1052,-0.0721,-5.4556,-0.0697,-0.0744,0/6,-76.2889,-1.32,-0.0763
BN_90,a5 g5 R1 T30,1052,-0.0671,-4.6485,-0.0753,-0.0589,0/6,-71.6193,-3.4583,-0.0713
BN_90,a5 g5 R1 T50,1052,-0.0651,-4.2011,-0.0793,-0.0508,0/6,-68.9195,-3.4583,-0.0693
BN_90,a5 g10 R0 T0,1052,-0.0219,-1.4976,-0.012,-0.0318,1/6,-32.1407,-1.0,-0.0261
BN_90,a5 g10 R0 T20,1052,-0.0446,-3.5035,-0.037,-0.0523,0/6,-47.7863,-1.0,-0.0489
BN_90,a5 g10 R0 T30,1052,-0.034,-2.5409,-0.0277,-0.0404,1/6,-40.5347,-1.0,-0.0383
BN_90,a5 g10 R0 T50,1052,-0.0194,-1.3761,-0.0069,-0.032,1/6,-29.7453,-1.0,-0.0237
BN_90,a5 g10 R1 T0,1052,-0.0588,-3.3979,-0.0644,-0.0532,0/6,-62.1169,-2.125,-0.0631
BN_90,a5 g10 R1 T20,1052,-0.0772,-5.7008,-0.0733,-0.0812,0/6,-82.1607,-1.52,-0.0815
BN_90,a5 g10 R1 T30,1052,-0.0707,-4.7408,-0.0756,-0.0658,0/6,-75.6349,-2.0833,-0.0749
BN_90,a5 g10 R1 T50,1052,-0.0501,-3.0721,-0.0471,-0.053,0/6,-55.8728,-2.0833,-0.0543
BN_90,a5 g15 R0 T0,1052,-0.023,-1.5381,-0.0142,-0.0319,1/6,-32.4821,-1.0,-0.0273
BN_90,a5 g15 R0 T20,1052,-0.0469,-3.6637,-0.0382,-0.0556,0/6,-50.0088,-1.0,-0.0511
BN_90,a5 g15 R0 T30,1052,-0.0372,-2.7488,-0.0329,-0.0415,1/6,-42.6307,-1.0,-0.0414
BN_90,a5 g15 R0 T50,1052,-0.0205,-1.4274,-0.0096,-0.0315,1/6,-30.2396,-1.0,-0.0248
BN_90,a5 g15 R1 T0,1052,-0.0474,-2.62,-0.0493,-0.0454,0/6,-50.135,-1.9762,-0.0516
BN_90,a5 g15 R1 T20,1052,-0.0791,-5.7541,-0.0737,-0.0845,0/6,-83.9742,-1.4933,-0.0833
BN_90,a5 g15 R1 T30,1052,-0.0658,-4.3694,-0.0691,-0.0624,0/6,-70.0678,-1.913,-0.07
BN_90,a5 g15 R1 T50,1052,-0.0446,-2.6792,-0.0411,-0.0481,1/6,-50.7819,-1.9762,-0.0488
BN_90,a5 g20 R0 T0,1052,-0.02,-1.2879,-0.0114,-0.0287,1/6,-29.6457,-1.0,-0.0242
BN_90,a5 g20 R0 T20,1052,-0.047,-3.6705,-0.0388,-0.0552,0/6,-50.1089,-1.0,-0.0512
BN_90,a5 g20 R0 T30,1052,-0.0378,-2.7719,-0.0331,-0.0425,1/6,-42.7658,-1.0,-0.042
BN_90,a5 g20 R0 T50,1052,-0.0199,-1.3527,-0.0096,-0.0302,1/6,-28.9141,-1.0,-0.0241
BN_90,a5 g20 R1 T0,1052,-0.039,-2.0694,-0.0379,-0.04,0/6,-42.1201,-2.02,-0.0432
BN_90,a5 g20 R1 T20,1052,-0.0808,-5.8636,-0.0757,-0.0859,0/6,-85.7456,-1.4933,-0.085
BN_90,a5 g20 R1 T30,1052,-0.0683,-4.4802,-0.0668,-0.0697,0/6,-72.4182,-1.9259,-0.0725
BN_90,a5 g20 R1 T50,1052,-0.0417,-2.465,-0.0412,-0.0423,0/6,-47.0426,-1.9259,-0.046
BN_90,a10 g5 R0 T0,1052,-0.0096,-0.6283,0.0098,-0.0291,2/6,-22.8575,-1.0,-0.0138
BN_90,a10 g5 R0 T20,1052,-0.0395,-2.8312,-0.021,-0.0581,0/6,-42.5391,-1.0,-0.0438
BN_90,a10 g5 R0 T30,1052,-0.0295,-2.0353,-0.0151,-0.044,1/6,-36.9351,-1.0,-0.0338
BN_90,a10 g5 R0 T50,1052,-0.0151,-1.0104,0.0007,-0.031,1/6,-26.4778,-1.0,-0.0194
BN_90,a10 g5 R1 T0,1052,-0.0505,-2.9615,-0.0534,-0.0476,0/6,-54.0997,-3.4583,-0.0548
BN_90,a10 g5 R1 T20,1052,-0.061,-4.2415,-0.0505,-0.0715,0/6,-64.6361,-1.3016,-0.0653
BN_90,a10 g5 R1 T30,1052,-0.0558,-3.5775,-0.0558,-0.0558,0/6,-60.2961,-3.4583,-0.06
BN_90,a10 g5 R1 T50,1052,-0.053,-3.1893,-0.059,-0.047,0/6,-56.7956,-3.4583,-0.0573
BN_90,a10 g10 R0 T0,1052,-0.0124,-0.7712,0.0028,-0.0278,2/6,-24.6035,-1.0,-0.0167
BN_90,a10 g10 R0 T20,1052,-0.0444,-3.1514,-0.0296,-0.0593,0/6,-47.6202,-1.0,-0.0487
BN_90,a10 g10 R0 T30,1052,-0.0314,-2.1185,-0.0194,-0.0434,1/6,-38.8054,-1.0,-0.0356
BN_90,a10 g10 R0 T50,1052,-0.0121,-0.7734,0.0061,-0.0303,2/6,-24.3031,-1.0,-0.0163
BN_90,a10 g10 R1 T0,1052,-0.0465,-2.5515,-0.0429,-0.0501,0/6,-50.306,-2.125,-0.0507
BN_90,a10 g10 R1 T20,1052,-0.0644,-4.4247,-0.0509,-0.0781,0/6,-68.6947,-1.3333,-0.0687
BN_90,a10 g10 R1 T30,1052,-0.0584,-3.6824,-0.054,-0.0627,0/6,-63.3142,-2.0833,-0.0626
BN_90,a10 g10 R1 T50,1052,-0.0377,-2.1867,-0.0256,-0.0499,2/6,-44.7876,-2.0833,-0.042
BN_90,a10 g15 R0 T0,1052,-0.014,-0.8483,-0.0018,-0.0263,1/6,-26.9153,-1.0,-0.0183
BN_90,a10 g15 R0 T20,1052,-0.0472,-3.3343,-0.0309,-0.0636,0/6,-50.3275,-1.0,-0.0514
BN_90,a10 g15 R0 T30,1052,-0.0345,-2.3093,-0.0243,-0.0448,1/6,-41.4124,-1.0,-0.0387
BN_90,a10 g15 R0 T50,1052,-0.0132,-0.8306,0.0032,-0.0297,2/6,-25.5572,-1.0,-0.0174
BN_90,a10 g15 R1 T0,1052,-0.035,-1.8521,-0.0278,-0.0423,0/6,-38.5964,-1.9762,-0.0393
BN_90,a10 g15 R1 T20,1052,-0.0653,-4.4468,-0.0493,-0.0814,0/6,-69.4958,-1.475,-0.0696
BN_90,a10 g15 R1 T30,1052,-0.0534,-3.3508,-0.0476,-0.0593,0/6,-57.7472,-1.913,-0.0577
BN_90,a10 g15 R1 T50,1052,-0.0323,-1.8352,-0.0196,-0.045,1/6,-39.6968,-1.9762,-0.0365
BN_90,a10 g20 R0 T0,1052,-0.0094,-0.5487,0.0049,-0.0237,2/6,-26.069,-1.0,-0.0136
BN_90,a10 g20 R0 T20,1052,-0.0474,-3.3465,-0.0314,-0.0634,0/6,-50.5154,-1.0,-0.0516
BN_90,a10 g20 R0 T30,1052,-0.0344,-2.2856,-0.024,-0.0449,1/6,-41.079,-1.0,-0.0386
BN_90,a10 g20 R0 T50,1052,-0.0108,-0.6659,0.0056,-0.0273,2/6,-23.7078,-1.0,-0.015
BN_90,a10 g20 R1 T0,1052,-0.0266,-1.3545,-0.0164,-0.0369,0/6,-31.4893,-2.02,-0.0309
BN_90,a10 g20 R1 T20,1052,-0.0671,-4.5574,-0.0514,-0.0828,0/6,-71.3395,-1.475,-0.0713
BN_90,a10 g20 R1 T30,1052,-0.0559,-3.4683,-0.0453,-0.0666,0/6,-59.6035,-1.9259,-0.0602
BN_90,a10 g20 R1 T50,1052,-0.0294,-1.6472,-0.0196,-0.0392,0/6,-35.9575,-1.9259,-0.0336
BN_90,a15 g5 R0 T0,1052,-0.0036,-0.2156,0.011,-0.0181,3/6,-21.9029,-1.0,-0.0078
BN_90,a15 g5 R0 T20,1052,-0.0393,-2.6048,-0.0248,-0.0537,0/6,-44.4354,-1.0,-0.0435
BN_90,a15 g5 R0 T30,1052,-0.026,-1.6647,-0.0152,-0.0369,1/6,-38.4127,-1.0,-0.0303
BN_90,a15 g5 R0 T50,1052,-0.0087,-0.54,0.0039,-0.0215,3/6,-25.7429,-1.0,-0.013
BN_90,a15 g5 R1 T0,1052,-0.0388,-2.1582,-0.0426,-0.035,0/6,-46.1662,-3.4583,-0.0431
BN_90,a15 g5 R1 T20,1052,-0.0505,-3.3041,-0.0399,-0.0612,0/6,-54.7047,-1.2453,-0.0548
BN_90,a15 g5 R1 T30,1052,-0.0464,-2.8048,-0.0472,-0.0456,1/6,-53.9745,-3.4583,-0.0506
BN_90,a15 g5 R1 T50,1052,-0.0405,-2.3116,-0.0458,-0.0353,1/6,-51.3342,-3.4583,-0.0448
BN_90,a15 g10 R0 T0,1052,-0.006,-0.348,0.0048,-0.0169,2/6,-23.8963,-1.0,-0.0103
BN_90,a15 g10 R0 T20,1052,-0.0432,-2.8478,-0.0306,-0.056,0/6,-46.6838,-1.0,-0.0475
BN_90,a15 g10 R0 T30,1052,-0.0262,-1.6492,-0.0157,-0.0369,1/6,-38.3212,-1.0,-0.0305
BN_90,a15 g10 R0 T50,1052,-0.0042,-0.2475,0.0109,-0.0192,2/6,-24.2066,-1.0,-0.0084
BN_90,a15 g10 R1 T0,1052,-0.0328,-1.7288,-0.0324,-0.0333,0/6,-38.9604,-2.125,-0.0371
BN_90,a15 g10 R1 T20,1052,-0.0519,-3.3801,-0.0418,-0.0621,0/6,-55.55,-1.2086,-0.0562
BN_90,a15 g10 R1 T30,1052,-0.0454,-2.7306,-0.0443,-0.0465,0/6,-51.8998,-2.0833,-0.0496
BN_90,a15 g10 R1 T50,1052,-0.0246,-1.361,-0.0159,-0.0332,2/6,-35.8576,-2.0833,-0.0288
BN_90,a15 g15 R0 T0,1052,-0.0067,-0.3773,0.0011,-0.0147,3/6,-26.469,-1.0,-0.011
BN_90,a15 g15 R0 T20,1052,-0.0446,-2.9262,-0.0304,-0.0588,0/6,-47.7681,-1.0,-0.0488
BN_90,a15 g15 R0 T30,1052,-0.0301,-1.8687,-0.0211,-0.0391,1/6,-42.2942,-1.0,-0.0343
BN_90,a15 g15 R0 T50,1052,-0.0059,-0.3451,0.0071,-0.019,3/6,-26.9048,-1.0,-0.0101
BN_90,a15 g15 R1 T0,1052,-0.0197,-1.0049,-0.0154,-0.024,0/6,-31.469,-1.9762,-0.0239
BN_90,a15 g15 R1 T20,1052,-0.05,-3.2459,-0.037,-0.0631,0/6,-53.3667,-1.1652,-0.0543
BN_90,a15 g15 R1 T30,1052,-0.0381,-2.2953,-0.0352,-0.041,1/6,-47.0335,-1.8182,-0.0424
BN_90,a15 g15 R1 T50,1052,-0.0169,-0.9268,-0.0072,-0.0267,1/6,-32.0129,-1.9762,-0.0212
BN_90,a15 g20 R0 T0,1052,0.0002,0.0122,0.0098,-0.0094,3/6,-24.0598,-1.0,-0.004
BN_90,a15 g20 R0 T20,1052,-0.045,-2.9522,-0.0313,-0.0586,0/6,-48.1892,-1.0,-0.0492
BN_90,a15 g20 R0 T30,1052,-0.0291,-1.7971,-0.0208,-0.0375,2/6,-41.9458,-1.0,-0.0334
BN_90,a15 g20 R0 T50,1052,-0.0024,-0.1382,0.0096,-0.0145,3/6,-24.4449,-1.0,-0.0066
BN_90,a15 g20 R1 T0,1052,-0.0113,-0.5564,-0.004,-0.0186,2/6,-27.4806,-2.02,-0.0155
BN_90,a15 g20 R1 T20,1052,-0.0518,-3.3532,-0.0391,-0.0645,0/6,-55.2104,-1.3362,-0.056
BN_90,a15 g20 R1 T30,1052,-0.0406,-2.425,-0.0329,-0.0483,0/6,-46.0254,-1.7213,-0.0448
BN_90,a15 g20 R1 T50,1052,-0.014,-0.7607,-0.0072,-0.0209,1/6,-29.4581,-1.8182,-0.0183
BN_90,a20 g5 R0 T0,1052,-0.0021,-0.1192,0.015,-0.0193,3/6,-24.7473,-1.0,-0.0064
BN_90,a20 g5 R0 T20,1052,-0.0458,-2.8604,-0.0287,-0.0631,0/6,-50.8853,-1.0,-0.0501
BN_90,a20 g5 R0 T30,1052,-0.0301,-1.7997,-0.0194,-0.0407,1/6,-43.0502,-1.0,-0.0343
BN_90,a20 g5 R0 T50,1052,-0.0082,-0.476,0.0048,-0.0213,2/6,-28.3397,-1.0,-0.0125
BN_90,a20 g5 R1 T0,1052,-0.0333,-1.7617,-0.0335,-0.033,1/6,-43.3793,-3.4583,-0.0375
BN_90,a20 g5 R1 T20,1052,-0.0471,-2.9344,-0.0292,-0.065,0/6,-52.0399,-1.0,-0.0513
BN_90,a20 g5 R1 T30,1052,-0.0442,-2.5467,-0.0421,-0.0462,1/6,-53.3348,-3.4583,-0.0484
BN_90,a20 g5 R1 T50,1052,-0.0354,-1.9287,-0.039,-0.0319,1/6,-49.6104,-3.4583,-0.0397
BN_90,a20 g10 R0 T0,1052,-0.002,-0.1107,0.0137,-0.0178,2/6,-23.9842,-1.0,-0.0063
BN_90,a20 g10 R0 T20,1052,-0.0462,-2.8836,-0.0297,-0.0628,0/6,-51.3924,-1.0,-0.0505
BN_90,a20 g10 R0 T30,1052,-0.0278,-1.6535,-0.0146,-0.0411,1/6,-40.9593,-1.0,-0.032
BN_90,a20 g10 R0 T50,1052,-0.0019,-0.1053,0.0171,-0.0209,2/6,-26.868,-1.0,-0.0061
BN_90,a20 g10 R1 T0,1052,-0.0294,-1.4973,-0.0253,-0.0336,1/6,-37.3596,-2.125,-0.0337
BN_90,a20 g10 R1 T20,1052,-0.049,-3.0491,-0.034,-0.064,0/6,-53.8652,-1.0,-0.0532
BN_90,a20 g10 R1 T30,1052,-0.0443,-2.5524,-0.0401,-0.0485,0/6,-52.2188,-2.0833,-0.0485
BN_90,a20 g10 R1 T50,1052,-0.0223,-1.1928,-0.0103,-0.0344,2/6,-35.2241,-2.0833,-0.0266
BN_90,a20 g15 R0 T0,1052,-0.003,-0.1607,0.0077,-0.0138,2/6,-26.0608,-1.0,-0.0073
BN_90,a20 g15 R0 T20,1052,-0.0465,-2.9014,-0.0297,-0.0635,0/6,-51.7063,-1.0,-0.0508
BN_90,a20 g15 R0 T30,1052,-0.0306,-1.8075,-0.02,-0.0413,1/6,-44.6724,-1.0,-0.0349
BN_90,a20 g15 R0 T50,1052,-0.0034,-0.1887,0.012,-0.0188,3/6,-29.0639,-1.0,-0.0076
BN_90,a20 g15 R1 T0,1052,-0.0178,-0.8865,-0.0109,-0.0248,1/6,-32.4249,-1.8182,-0.0221
BN_90,a20 g15 R1 T20,1052,-0.0479,-2.9808,-0.0326,-0.0632,0/6,-52.6693,-1.0,-0.0521
BN_90,a20 g15 R1 T30,1052,-0.0364,-2.1077,-0.0308,-0.0419,1/6,-46.7915,-1.8182,-0.0406
BN_90,a20 g15 R1 T50,1052,-0.0151,-0.7997,-0.0027,-0.0275,1/6,-32.9803,-1.8182,-0.0193
BN_90,a20 g20 R0 T0,1052,0.0045,0.2298,0.0172,-0.0083,3/6,-24.8494,-1.0,0.0002
BN_90,a20 g20 R0 T20,1052,-0.0468,-2.9176,-0.0304,-0.0633,0/6,-51.8919,-1.0,-0.051
BN_90,a20 g20 R0 T30,1052,-0.0295,-1.7279,-0.0198,-0.0392,2/6,-44.0294,-1.0,-0.0337
BN_90,a20 g20 R0 T50,1052,0.0009,0.0493,0.0144,-0.0127,3/6,-26.6243,-1.0,-0.0033
BN_90,a20 g20 R1 T0,1052,-0.009,-0.4325,0.0015,-0.0196,2/6,-28.5066,-1.8182,-0.0132
BN_90,a20 g20 R1 T20,1052,-0.0491,-3.0531,-0.0335,-0.0647,0/6,-54.1152,-1.0,-0.0533
BN_90,a20 g20 R1 T30,1052,-0.0383,-2.2061,-0.0273,-0.0493,1/6,-45.4909,-1.7213,-0.0425
BN_90,a20 g20 R1 T50,1052,-0.0118,-0.6159,-0.0017,-0.0219,1/6,-30.4714,-1.8182,-0.016
BN_90,a30 g5 R0 T0,1052,0.001,0.0536,0.0161,-0.0141,3/6,-20.5363,-1.0,-0.0032
BN_90,a30 g5 R0 T20,1052,-0.0449,-2.7609,-0.0266,-0.0633,0/6,-50.8143,-1.0,-0.0492
BN_90,a30 g5 R0 T30,1052,-0.0307,-1.7056,-0.0195,-0.042,1/6,-39.799,-1.0,-0.035
BN_90,a30 g5 R0 T50,1052,-0.003,-0.1618,0.0114,-0.0176,1/6,-25.1395,-1.0,-0.0073
BN_90,a30 g5 R1 T0,1052,-0.0201,-1.0019,-0.0174,-0.0228,1/6,-31.4509,-2.875,-0.0243
BN_90,a30 g5 R1 T20,1052,-0.0449,-2.7609,-0.0266,-0.0633,0/6,-50.8143,-1.0,-0.0492
BN_90,a30 g5 R1 T30,1052,-0.0349,-1.9057,-0.0299,-0.0399,1/6,-44.741,-2.875,-0.0391
BN_90,a30 g5 R1 T50,1052,-0.0213,-1.0912,-0.0197,-0.0229,1/6,-36.3986,-2.875,-0.0255
BN_90,a30 g10 R0 T0,1052,-0.0066,-0.3367,0.0042,-0.0175,1/6,-22.773,-1.0,-0.0109
BN_90,a30 g10 R0 T20,1052,-0.0449,-2.7609,-0.0266,-0.0633,0/6,-50.8143,-1.0,-0.0492
BN_90,a30 g10 R0 T30,1052,-0.0327,-1.8137,-0.0199,-0.0456,1/6,-40.5112,-1.0,-0.0369
BN_90,a30 g10 R0 T50,1052,-0.0059,-0.3074,0.0088,-0.0205,2/6,-25.5339,-1.0,-0.0101
BN_90,a30 g10 R1 T0,1052,-0.0211,-1.0256,-0.0143,-0.0278,1/6,-33.6157,-2.125,-0.0253
BN_90,a30 g10 R1 T20,1052,-0.0449,-2.7609,-0.0266,-0.0633,0/6,-50.8143,-1.0,-0.0492
BN_90,a30 g10 R1 T30,1052,-0.0351,-1.9356,-0.0268,-0.0435,1/6,-43.8762,-1.2917,-0.0393
BN_90,a30 g10 R1 T50,1052,-0.0135,-0.6908,-0.0002,-0.0269,1/6,-32.1817,-1.4909,-0.0178
BN_90,a30 g15 R0 T0,1052,-0.0042,-0.209,0.0055,-0.014,2/6,-24.5349,-1.0,-0.0084
BN_90,a30 g15 R0 T20,1052,-0.0449,-2.7609,-0.0266,-0.0633,0/6,-50.8143,-1.0,-0.0492
BN_90,a30 g15 R0 T30,1052,-0.0324,-1.7931,-0.0197,-0.0451,1/6,-40.487,-1.0,-0.0366
BN_90,a30 g15 R0 T50,1052,-0.0043,-0.224,0.0094,-0.018,1/6,-27.4204,-1.0,-0.0086
BN_90,a30 g15 R1 T0,1052,-0.0137,-0.6563,-0.0006,-0.0269,2/6,-31.1704,-1.6667,-0.018
BN_90,a30 g15 R1 T20,1052,-0.0449,-2.7609,-0.0266,-0.0633,0/6,-50.8143,-1.0,-0.0492
BN_90,a30 g15 R1 T30,1052,-0.0323,-1.7889,-0.0198,-0.045,1/6,-40.255,-1.0,-0.0366
BN_90,a30 g15 R1 T50,1052,-0.0108,-0.5516,0.0065,-0.0282,1/6,-31.9925,-1.4545,-0.0151
BN_90,a30 g20 R0 T0,1052,0.0023,0.1137,0.0167,-0.012,3/6,-24.5195,-1.0,-0.0019
BN_90,a30 g20 R0 T20,1052,-0.0449,-2.7609,-0.0266,-0.0633,0/6,-50.8143,-1.0,-0.0492
BN_90,a30 g20 R0 T30,1052,-0.032,-1.7733,-0.0191,-0.0451,1/6,-40.4301,-1.0,-0.0363
BN_90,a30 g20 R0 T50,1052,-0.0004,-0.0218,0.0138,-0.0147,2/6,-27.0261,-1.0,-0.0047
BN_90,a30 g20 R1 T0,1052,-0.0062,-0.2908,0.0099,-0.0225,2/6,-27.6536,-1.7213,-0.0105
BN_90,a30 g20 R1 T20,1052,-0.0449,-2.7609,-0.0266,-0.0633,0/6,-50.8143,-1.0,-0.0492
BN_90,a30 g20 R1 T30,1052,-0.0354,-1.9455,-0.0188,-0.052,1/6,-43.0914,-1.7213,-0.0396
BN_90,a30 g20 R1 T50,1052,-0.0091,-0.4592,0.0065,-0.0248,2/6,-29.4963,-1.7213,-0.0133
BN_120,HOLD,958,-0.0334,-1.3974,-0.0282,-0.0387,2/6,-43.3769,-1.0,0.0
BN_120,a0 g5 R0 T0,958,-0.036,-3.4058,-0.0274,-0.0447,1/6,-39.4416,-1.0,-0.0026
BN_120,a0 g5 R0 T20,958,-0.0449,-4.5104,-0.0377,-0.0522,1/6,-46.3004,-1.0,-0.0115
BN_120,a0 g5 R0 T30,958,-0.0423,-4.155,-0.0351,-0.0497,1/6,-44.9888,-1.0,-0.0089
BN_120,a0 g5 R0 T50,958,-0.0384,-3.6927,-0.0314,-0.0454,1/6,-41.7327,-1.0,-0.005
BN_120,a0 g5 R1 T0,958,-0.0851,-6.0579,-0.0923,-0.0779,0/6,-87.6272,-1.7463,-0.0518
BN_120,a0 g5 R1 T20,958,-0.1079,-9.2303,-0.1082,-0.1075,0/6,-104.2801,-1.7463,-0.0745
BN_120,a0 g5 R1 T30,958,-0.1007,-7.854,-0.1066,-0.0947,0/6,-100.1773,-1.7463,-0.0673
BN_120,a0 g5 R1 T50,958,-0.0927,-6.7532,-0.1037,-0.0815,0/6,-94.4056,-1.7463,-0.0593
BN_120,a0 g10 R0 T0,958,-0.0324,-2.8768,-0.0252,-0.0397,1/6,-39.2702,-1.0,0.001
BN_120,a0 g10 R0 T20,958,-0.0446,-4.438,-0.0389,-0.0505,1/6,-46.2093,-1.0,-0.0112
BN_120,a0 g10 R0 T30,958,-0.0418,-4.0085,-0.0354,-0.0483,1/6,-45.2538,-1.0,-0.0084
BN_120,a0 g10 R0 T50,958,-0.0359,-3.3102,-0.0304,-0.0415,1/6,-41.1529,-1.0,-0.0025
BN_120,a0 g10 R1 T0,958,-0.0835,-5.1541,-0.0909,-0.076,0/6,-86.7549,-2.6038,-0.0501
BN_120,a0 g10 R1 T20,958,-0.1105,-8.9974,-0.1116,-0.1094,0/6,-105.9429,-1.7612,-0.0771
BN_120,a0 g10 R1 T30,958,-0.1039,-7.6002,-0.1153,-0.0922,0/6,-101.2017,-1.7612,-0.0705
BN_120,a0 g10 R1 T50,958,-0.0952,-6.2067,-0.1097,-0.0805,0/6,-96.2733,-2.6038,-0.0618
BN_120,a0 g15 R0 T0,958,-0.0317,-2.7304,-0.0251,-0.0384,1/6,-38.9201,-1.0,0.0017
BN_120,a0 g15 R0 T20,958,-0.0458,-4.5379,-0.041,-0.0507,1/6,-47.0624,-1.0,-0.0124
BN_120,a0 g15 R0 T30,958,-0.0423,-4.0137,-0.0369,-0.0478,1/6,-44.5799,-1.0,-0.0089
BN_120,a0 g15 R0 T50,958,-0.0338,-3.0426,-0.0277,-0.0401,1/6,-39.5152,-1.0,-0.0005
BN_120,a0 g15 R1 T0,958,-0.0783,-4.5442,-0.0862,-0.0702,1/6,-79.0437,-2.5556,-0.0449
BN_120,a0 g15 R1 T20,958,-0.1143,-8.9859,-0.1216,-0.1068,0/6,-109.8813,-2.5556,-0.0809
BN_120,a0 g15 R1 T30,958,-0.1086,-7.6379,-0.12,-0.097,0/6,-104.139,-2.5556,-0.0752
BN_120,a0 g15 R1 T50,958,-0.0876,-5.4668,-0.103,-0.072,0/6,-86.8915,-2.5556,-0.0542
BN_120,a0 g20 R0 T0,958,-0.0344,-2.8693,-0.0252,-0.0437,1/6,-43.0079,-1.0,-0.001
BN_120,a0 g20 R0 T20,958,-0.0458,-4.5379,-0.041,-0.0507,1/6,-47.0624,-1.0,-0.0124
BN_120,a0 g20 R0 T30,958,-0.0448,-4.1953,-0.0403,-0.0494,1/6,-46.973,-1.0,-0.0114
BN_120,a0 g20 R0 T50,958,-0.037,-3.256,-0.0305,-0.0437,1/6,-43.3962,-1.0,-0.0036
BN_120,a0 g20 R1 T0,958,-0.0763,-4.267,-0.0878,-0.0646,1/6,-76.6446,-2.4906,-0.0429
BN_120,a0 g20 R1 T20,958,-0.1129,-9.0435,-0.1182,-0.1076,0/6,-108.7021,-2.037,-0.0795
BN_120,a0 g20 R1 T30,958,-0.1083,-7.6664,-0.1188,-0.0976,0/6,-103.9118,-2.037,-0.0749
BN_120,a0 g20 R1 T50,958,-0.0911,-5.5561,-0.111,-0.0708,0/6,-88.7573,-2.4906,-0.0577
BN_120,a5 g5 R0 T0,958,-0.0317,-2.2325,-0.0256,-0.0379,1/6,-36.9501,-1.0,0.0017
BN_120,a5 g5 R0 T20,958,-0.0505,-3.8094,-0.0498,-0.0511,0/6,-50.8521,-1.0,-0.0171
BN_120,a5 g5 R0 T30,958,-0.0425,-3.1137,-0.0412,-0.0438,1/6,-44.7493,-1.0,-0.0091
BN_120,a5 g5 R0 T50,958,-0.0356,-2.5512,-0.0327,-0.0386,1/6,-39.9159,-1.0,-0.0023
BN_120,a5 g5 R1 T0,958,-0.0603,-3.697,-0.0719,-0.0485,1/6,-63.6302,-1.6119,-0.0269
BN_120,a5 g5 R1 T20,958,-0.0827,-5.877,-0.0877,-0.0777,0/6,-80.4549,-1.6119,-0.0493
BN_120,a5 g5 R1 T30,958,-0.0754,-4.9772,-0.0859,-0.0647,0/6,-75.8136,-1.6119,-0.042
BN_120,a5 g5 R1 T50,958,-0.0678,-4.2464,-0.0832,-0.0521,0/6,-70.4901,-1.6119,-0.0344
BN_120,a5 g10 R0 T0,958,-0.0251,-1.6385,-0.0239,-0.0264,2/6,-35.3454,-1.0,0.0083
BN_120,a5 g10 R0 T20,958,-0.051,-3.794,-0.0538,-0.0481,0/6,-51.821,-1.0,-0.0176
BN_120,a5 g10 R0 T30,958,-0.0415,-2.9544,-0.0417,-0.0414,1/6,-45.0648,-1.0,-0.0082
BN_120,a5 g10 R0 T50,958,-0.0332,-2.2498,-0.0366,-0.0298,2/6,-40.6441,-1.0,0.0001
BN_120,a5 g10 R1 T0,958,-0.0586,-3.2325,-0.0705,-0.0466,1/6,-63.1504,-2.6038,-0.0253
BN_120,a5 g10 R1 T20,958,-0.0854,-5.8947,-0.0912,-0.0795,0/6,-82.6718,-1.6857,-0.052
BN_120,a5 g10 R1 T30,958,-0.0784,-4.9635,-0.0945,-0.0621,0/6,-77.1351,-1.6857,-0.045
BN_120,a5 g10 R1 T50,958,-0.0703,-4.0651,-0.0892,-0.0511,1/6,-72.504,-2.6038,-0.0369
BN_120,a5 g15 R0 T0,958,-0.0238,-1.5049,-0.0229,-0.0247,2/6,-34.6212,-1.0,0.0096
BN_120,a5 g15 R0 T20,958,-0.0519,-3.8432,-0.0547,-0.049,0/6,-52.6724,-1.0,-0.0185
BN_120,a5 g15 R0 T30,958,-0.0417,-2.9301,-0.0417,-0.0417,1/6,-44.5613,-1.0,-0.0083
BN_120,a5 g15 R0 T50,958,-0.0291,-1.921,-0.0312,-0.027,2/6,-36.3736,-1.0,0.0043
BN_120,a5 g15 R1 T0,958,-0.0534,-2.7955,-0.0658,-0.0408,2/6,-55.3663,-2.4074,-0.02
BN_120,a5 g15 R1 T20,958,-0.0893,-6.0162,-0.1012,-0.0772,0/6,-85.9801,-2.4074,-0.0559
BN_120,a5 g15 R1 T30,958,-0.083,-5.1046,-0.0989,-0.0669,0/6,-80.1236,-2.4074,-0.0497
BN_120,a5 g15 R1 T50,958,-0.0627,-3.497,-0.0826,-0.0425,2/6,-63.8263,-2.4074,-0.0293
BN_120,a5 g20 R0 T0,958,-0.0266,-1.6413,-0.0255,-0.0277,2/6,-38.8281,-1.0,0.0068
BN_120,a5 g20 R0 T20,958,-0.0521,-3.8603,-0.0552,-0.049,0/6,-52.893,-1.0,-0.0187
BN_120,a5 g20 R0 T30,958,-0.0446,-3.1094,-0.0477,-0.0415,1/6,-47.5644,-1.0,-0.0112
BN_120,a5 g20 R0 T50,958,-0.0327,-2.1259,-0.0369,-0.0285,2/6,-40.6433,-1.0,0.0007
BN_120,a5 g20 R1 T0,958,-0.0514,-2.6146,-0.0674,-0.0351,2/6,-53.3548,-2.4906,-0.018
BN_120,a5 g20 R1 T20,958,-0.0874,-5.9671,-0.0969,-0.0778,0/6,-84.3285,-1.8889,-0.0541
BN_120,a5 g20 R1 T30,958,-0.0825,-5.0989,-0.097,-0.0679,0/6,-80.1494,-1.8889,-0.0491
BN_120,a5 g20 R1 T50,958,-0.0662,-3.6266,-0.0906,-0.0414,1/6,-65.1917,-2.4906,-0.0328
BN_120,a10 g5 R0 T0,958,-0.0301,-1.8873,-0.0272,-0.0331,2/6,-41.639,-1.0,0.0033
BN_120,a10 g5 R0 T20,958,-0.0559,-3.7667,-0.0555,-0.0563,1/6,-58.7128,-1.0,-0.0225
BN_120,a10 g5 R0 T30,958,-0.0429,-2.7986,-0.0428,-0.0429,2/6,-50.9239,-1.0,-0.0095
BN_120,a10 g5 R0 T50,958,-0.0346,-2.1989,-0.0345,-0.0347,2/6,-44.8071,-1.0,-0.0012
BN_120,a10 g5 R1 T0,958,-0.0558,-3.1865,-0.0656,-0.0459,2/6,-63.1403,-1.6119,-0.0224
BN_120,a10 g5 R1 T20,958,-0.0799,-5.1913,-0.083,-0.0768,0/6,-79.2098,-1.6119,-0.0465
BN_120,a10 g5 R1 T30,958,-0.0707,-4.3123,-0.0782,-0.0631,1/6,-74.8391,-1.6119,-0.0373
BN_120,a10 g5 R1 T50,958,-0.0636,-3.7017,-0.0771,-0.0499,2/6,-70.2732,-1.6119,-0.0303
BN_120,a10 g10 R0 T0,958,-0.029,-1.7044,-0.0296,-0.0283,2/6,-43.9085,-1.0,0.0044
BN_120,a10 g10 R0 T20,958,-0.0599,-3.9968,-0.0602,-0.0597,1/6,-62.4148,-1.0,-0.0265
BN_120,a10 g10 R0 T30,958,-0.0468,-2.9852,-0.0455,-0.0481,2/6,-54.8703,-1.0,-0.0134
BN_120,a10 g10 R0 T50,958,-0.0381,-2.3179,-0.0425,-0.0337,2/6,-50.1829,-1.0,-0.0047
BN_120,a10 g10 R1 T0,958,-0.0545,-2.8575,-0.0613,-0.0475,2/6,-62.3929,-2.6038,-0.0211
BN_120,a10 g10 R1 T20,958,-0.0812,-5.1912,-0.082,-0.0804,0/6,-81.1154,-1.6269,-0.0478
BN_120,a10 g10 R1 T30,958,-0.0743,-4.3916,-0.0853,-0.0631,1/6,-76.4261,-1.6269,-0.0409
BN_120,a10 g10 R1 T50,958,-0.0661,-3.619,-0.08,-0.052,2/6,-71.9619,-2.6038,-0.0327
BN_120,a10 g15 R0 T0,958,-0.0292,-1.6587,-0.033,-0.0254,2/6,-43.7774,-1.0,0.0041
BN_120,a10 g15 R0 T20,958,-0.0616,-4.0867,-0.0614,-0.0619,1/6,-63.7266,-1.0,-0.0283
BN_120,a10 g15 R0 T30,958,-0.0475,-2.9841,-0.0471,-0.048,1/6,-54.7037,-1.0,-0.0141
BN_120,a10 g15 R0 T50,958,-0.0366,-2.1572,-0.0414,-0.0316,2/6,-47.9399,-1.0,-0.0032
BN_120,a10 g15 R1 T0,958,-0.0492,-2.4641,-0.0565,-0.0417,2/6,-57.0267,-2.4074,-0.0158
BN_120,a10 g15 R1 T20,958,-0.0851,-5.3343,-0.092,-0.0781,0/6,-83.7144,-2.4074,-0.0517
BN_120,a10 g15 R1 T30,958,-0.0789,-4.5498,-0.0897,-0.0678,1/6,-79.1815,-2.4074,-0.0455
BN_120,a10 g15 R1 T50,958,-0.0585,-3.0976,-0.0734,-0.0435,2/6,-64.1563,-2.4074,-0.0252
BN_120,a10 g20 R0 T0,958,-0.0327,-1.8154,-0.0356,-0.0298,2/6,-47.7948,-1.0,0.0007
BN_120,a10 g20 R0 T20,958,-0.0619,-4.1021,-0.0618,-0.0619,1/6,-63.9216,-1.0,-0.0285
BN_120,a10 g20 R0 T30,958,-0.0507,-3.1639,-0.0527,-0.0487,1/6,-57.5536,-1.0,-0.0174
BN_120,a10 g20 R0 T50,958,-0.0413,-2.4003,-0.048,-0.0344,2/6,-52.02,-1.0,-0.0079
BN_120,a10 g20 R1 T0,958,-0.0472,-2.3021,-0.0582,-0.036,2/6,-53.9612,-2.4906,-0.0138
BN_120,a10 g20 R1 T20,958,-0.0833,-5.2767,-0.0877,-0.0787,0/6,-82.0306,-1.8889,-0.0499
BN_120,a10 g20 R1 T30,958,-0.0784,-4.5396,-0.0878,-0.0688,0/6,-78.8659,-1.8889,-0.045
BN_120,a10 g20 R1 T50,958,-0.062,-3.2298,-0.0814,-0.0423,2/6,-63.8367,-2.4906,-0.0286
BN_120,a15 g5 R0 T0,958,-0.0344,-1.9662,-0.0379,-0.0309,2/6,-42.4629,-1.0,-0.001
BN_120,a15 g5 R0 T20,958,-0.0676,-4.1701,-0.0686,-0.0665,1/6,-68.35,-1.0,-0.0342
BN_120,a15 g5 R0 T30,958,-0.0516,-3.0748,-0.0565,-0.0465,1/6,-56.1555,-1.0,-0.0182
BN_120,a15 g5 R0 T50,958,-0.0403,-2.3385,-0.0458,-0.0347,2/6,-47.2556,-1.0,-0.0069
BN_120,a15 g5 R1 T0,958,-0.051,-2.7367,-0.0638,-0.038,2/6,-56.5474,-1.597,-0.0176
BN_120,a15 g5 R1 T20,958,-0.0755,-4.6006,-0.0777,-0.0732,0/6,-75.2862,-1.4776,-0.0421
BN_120,a15 g5 R1 T30,958,-0.0661,-3.7862,-0.0776,-0.0545,1/6,-68.6059,-1.597,-0.0327
BN_120,a15 g5 R1 T50,958,-0.0598,-3.2711,-0.0761,-0.0432,2/6,-64.5709,-1.597,-0.0264
BN_120,a15 g10 R0 T0,958,-0.0353,-1.9204,-0.0377,-0.0329,2/6,-44.1945,-1.0,-0.0019
BN_120,a15 g10 R0 T20,958,-0.0703,-4.3227,-0.0709,-0.0697,0/6,-70.9239,-1.0,-0.0369
BN_120,a15 g10 R0 T30,958,-0.0555,-3.2647,-0.0578,-0.0531,1/6,-59.0873,-1.0,-0.0221
BN_120,a15 g10 R0 T50,958,-0.0448,-2.5187,-0.0522,-0.0373,2/6,-51.7677,-1.0,-0.0114
BN_120,a15 g10 R1 T0,958,-0.0521,-2.6127,-0.0615,-0.0426,2/6,-57.9926,-2.6038,-0.0188
BN_120,a15 g10 R1 T20,958,-0.0797,-4.8154,-0.0831,-0.0763,0/6,-78.7695,-1.6269,-0.0463
BN_120,a15 g10 R1 T30,958,-0.0726,-4.0788,-0.0859,-0.0592,1/6,-73.0888,-1.6269,-0.0392
BN_120,a15 g10 R1 T50,958,-0.0642,-3.3459,-0.0807,-0.0473,2/6,-67.4942,-2.6038,-0.0308
BN_120,a15 g15 R0 T0,958,-0.0368,-1.9393,-0.0413,-0.0323,2/6,-45.6481,-1.0,-0.0035
BN_120,a15 g15 R0 T20,958,-0.0721,-4.4143,-0.0715,-0.0727,0/6,-72.4395,-1.0,-0.0387
BN_120,a15 g15 R0 T30,958,-0.0569,-3.3034,-0.0593,-0.0546,1/6,-59.8435,-1.0,-0.0236
BN_120,a15 g15 R0 T50,958,-0.0442,-2.4214,-0.0521,-0.0362,2/6,-50.6807,-1.0,-0.0109
BN_120,a15 g15 R1 T0,958,-0.0484,-2.3239,-0.0571,-0.0396,2/6,-53.5633,-2.4074,-0.015
BN_120,a15 g15 R1 T20,958,-0.0843,-5.0105,-0.0926,-0.076,0/6,-81.9277,-2.4074,-0.051
BN_120,a15 g15 R1 T30,958,-0.0781,-4.2899,-0.0903,-0.0657,0/6,-76.7804,-2.4074,-0.0447
BN_120,a15 g15 R1 T50,958,-0.0578,-2.9201,-0.074,-0.0413,2/6,-60.738,-2.4074,-0.0244
BN_120,a15 g20 R0 T0,958,-0.0401,-2.0602,-0.0419,-0.0382,2/6,-48.963,-1.0,-0.0067
BN_120,a15 g20 R0 T20,958,-0.0724,-4.4285,-0.072,-0.0727,0/6,-72.6601,-1.0,-0.039
BN_120,a15 g20 R0 T30,958,-0.0598,-3.4505,-0.0643,-0.0553,1/6,-62.7634,-1.0,-0.0265
BN_120,a15 g20 R0 T50,958,-0.0493,-2.6562,-0.0579,-0.0406,2/6,-54.651,-1.0,-0.0159
BN_120,a15 g20 R1 T0,958,-0.0464,-2.1743,-0.0588,-0.0339,2/6,-50.5429,-2.4906,-0.0131
BN_120,a15 g20 R1 T20,958,-0.0825,-4.9499,-0.0883,-0.0766,0/6,-80.2438,-1.8889,-0.0491
BN_120,a15 g20 R1 T30,958,-0.0776,-4.2786,-0.0884,-0.0667,0/6,-76.8062,-1.8889,-0.0442
BN_120,a15 g20 R1 T50,958,-0.0613,-3.0508,-0.0819,-0.0402,2/6,-61.49,-2.4906,-0.0279
BN_120,a20 g5 R0 T0,958,-0.0319,-1.7115,-0.0311,-0.0327,2/6,-40.5072,-1.0,0.0015
BN_120,a20 g5 R0 T20,958,-0.0728,-4.2606,-0.0687,-0.077,0/6,-72.4963,-1.0,-0.0394
BN_120,a20 g5 R0 T30,958,-0.0526,-2.9546,-0.0511,-0.0541,1/6,-57.8899,-1.0,-0.0192
BN_120,a20 g5 R0 T50,958,-0.0366,-1.993,-0.0361,-0.0371,2/6,-45.5692,-1.0,-0.0032
BN_120,a20 g5 R1 T0,958,-0.0471,-2.4139,-0.0528,-0.0414,2/6,-54.4225,-1.597,-0.0137
BN_120,a20 g5 R1 T20,958,-0.0753,-4.4006,-0.0721,-0.0785,0/6,-73.5641,-1.0,-0.0419
BN_120,a20 g5 R1 T30,958,-0.0672,-3.6835,-0.0715,-0.0628,1/6,-70.2063,-1.597,-0.0338
BN_120,a20 g5 R1 T50,958,-0.0553,-2.8933,-0.0633,-0.0472,2/6,-62.5592,-1.597,-0.0219
BN_120,a20 g10 R0 T0,958,-0.0321,-1.6548,-0.0299,-0.0343,2/6,-42.1223,-1.0,0.0013
BN_120,a20 g10 R0 T20,958,-0.0728,-4.2579,-0.0694,-0.0764,0/6,-72.5851,-1.0,-0.0395
BN_120,a20 g10 R0 T30,958,-0.0546,-3.0522,-0.0524,-0.0569,1/6,-59.179,-1.0,-0.0212
BN_120,a20 g10 R0 T50,958,-0.0406,-2.1662,-0.0428,-0.0385,2/6,-50.0587,-1.0,-0.0073
BN_120,a20 g10 R1 T0,958,-0.0487,-2.3668,-0.0524,-0.0449,2/6,-56.5463,-2.2075,-0.0153
BN_120,a20 g10 R1 T20,958,-0.0765,-4.4479,-0.0753,-0.0777,0/6,-75.8135,-1.2,-0.0431
BN_120,a20 g10 R1 T30,958,-0.0696,-3.771,-0.0765,-0.0626,1/6,-72.0184,-1.3582,-0.0362
BN_120,a20 g10 R1 T50,958,-0.061,-3.0779,-0.0724,-0.0494,2/6,-66.8274,-2.2075,-0.0276
BN_120,a20 g15 R0 T0,958,-0.0326,-1.6369,-0.0379,-0.0273,2/6,-42.8597,-1.0,0.0007
BN_120,a20 g15 R0 T20,958,-0.0727,-4.2444,-0.0693,-0.076,0/6,-72.4244,-1.0,-0.0393
BN_120,a20 g15 R0 T30,958,-0.0569,-3.1502,-0.0583,-0.0554,1/6,-60.0658,-1.0,-0.0235
BN_120,a20 g15 R0 T50,958,-0.0408,-2.1301,-0.048,-0.0334,2/6,-49.3294,-1.0,-0.0074
BN_120,a20 g15 R1 T0,958,-0.044,-2.0659,-0.0481,-0.0398,2/6,-52.6486,-2.4074,-0.0106
BN_120,a20 g15 R1 T20,958,-0.0798,-4.5726,-0.0832,-0.0764,0/6,-79.0078,-2.4074,-0.0465
BN_120,a20 g15 R1 T30,958,-0.0725,-3.8818,-0.0789,-0.0661,1/6,-73.733,-2.4074,-0.0392
BN_120,a20 g15 R1 T50,958,-0.0534,-2.6338,-0.065,-0.0417,2/6,-60.2846,-2.4074,-0.02
BN_120,a20 g20 R0 T0,958,-0.0364,-1.7789,-0.0379,-0.0348,2/6,-46.8299,-1.0,-0.003
BN_120,a20 g20 R0 T20,958,-0.0729,-4.2598,-0.0698,-0.0761,0/6,-72.6497,-1.0,-0.0395
BN_120,a20 g20 R0 T30,958,-0.0605,-3.3269,-0.0634,-0.0576,1/6,-63.2726,-1.0,-0.0271
BN_120,a20 g20 R0 T50,958,-0.0471,-2.4223,-0.0549,-0.0392,2/6,-54.236,-1.0,-0.0138
BN_120,a20 g20 R1 T0,958,-0.042,-1.9231,-0.05,-0.0338,2/6,-49.3926,-2.2264,-0.0086
BN_120,a20 g20 R1 T20,958,-0.0777,-4.4957,-0.079,-0.0765,0/6,-77.2116,-1.8889,-0.0444
BN_120,a20 g20 R1 T30,958,-0.0731,-3.9153,-0.0796,-0.0666,0/6,-73.1981,-1.8889,-0.0397
BN_120,a20 g20 R1 T50,958,-0.0568,-2.7604,-0.0732,-0.0401,2/6,-59.5431,-2.2264,-0.0234
BN_120,a30 g5 R0 T0,958,-0.0383,-1.86,-0.0384,-0.0382,2/6,-46.0876,-1.0,-0.0049
BN_120,a30 g5 R0 T20,958,-0.0762,-4.3845,-0.077,-0.0755,0/6,-76.2929,-1.0,-0.0428
BN_120,a30 g5 R0 T30,958,-0.0655,-3.3689,-0.0626,-0.0685,1/6,-67.5755,-1.0,-0.0321
BN_120,a30 g5 R0 T50,958,-0.0452,-2.2326,-0.0461,-0.0443,2/6,-52.5937,-1.0,-0.0118
BN_120,a30 g5 R1 T0,958,-0.0461,-2.1811,-0.0505,-0.0415,2/6,-54.1422,-1.4561,-0.0127
BN_120,a30 g5 R1 T20,958,-0.0762,-4.3845,-0.077,-0.0755,0/6,-76.2929,-1.0,-0.0428
BN_120,a30 g5 R1 T30,958,-0.0686,-3.5067,-0.069,-0.0681,1/6,-70.178,-1.4561,-0.0352
BN_120,a30 g5 R1 T50,958,-0.0567,-2.7529,-0.0643,-0.049,2/6,-64.448,-1.4561,-0.0233
BN_120,a30 g10 R0 T0,958,-0.0425,-2.0098,-0.0427,-0.0422,2/6,-51.8377,-1.0,-0.0091
BN_120,a30 g10 R0 T20,958,-0.0762,-4.3845,-0.077,-0.0755,0/6,-76.2929,-1.0,-0.0428
BN_120,a30 g10 R0 T30,958,-0.0657,-3.3776,-0.0635,-0.068,1/6,-67.8068,-1.0,-0.0323
BN_120,a30 g10 R0 T50,958,-0.05,-2.4431,-0.0555,-0.0444,2/6,-57.8,-1.0,-0.0166
BN_120,a30 g10 R1 T0,958,-0.0474,-2.1858,-0.0468,-0.0481,2/6,-56.4026,-1.7736,-0.014
BN_120,a30 g10 R1 T20,958,-0.0762,-4.3845,-0.077,-0.0755,0/6,-76.2929,-1.0,-0.0428
BN_120,a30 g10 R1 T30,958,-0.0681,-3.4849,-0.0685,-0.0677,1/6,-69.8453,-1.2581,-0.0347
BN_120,a30 g10 R1 T50,958,-0.0571,-2.729,-0.0643,-0.0497,2/6,-64.0994,-1.7736,-0.0237
BN_120,a30 g15 R0 T0,958,-0.039,-1.8196,-0.038,-0.04,2/6,-50.0885,-1.0,-0.0056
BN_120,a30 g15 R0 T20,958,-0.0762,-4.3845,-0.077,-0.0755,0/6,-76.2929,-1.0,-0.0428
BN_120,a30 g15 R0 T30,958,-0.0652,-3.3481,-0.0622,-0.0682,1/6,-67.2884,-1.0,-0.0318
BN_120,a30 g15 R0 T50,958,-0.0481,-2.3331,-0.0518,-0.0443,2/6,-56.2582,-1.0,-0.0147
BN_120,a30 g15 R1 T0,958,-0.0377,-1.7037,-0.0345,-0.041,2/6,-49.841,-1.3585,-0.0043
BN_120,a30 g15 R1 T20,958,-0.0762,-4.3845,-0.077,-0.0755,0/6,-76.2929,-1.0,-0.0428
BN_120,a30 g15 R1 T30,958,-0.0648,-3.3272,-0.0616,-0.068,1/6,-67.0746,-1.0,-0.0314
BN_120,a30 g15 R1 T50,958,-0.0479,-2.2685,-0.0532,-0.0424,2/6,-57.0867,-1.3585,-0.0145
BN_120,a30 g20 R0 T0,958,-0.0398,-1.8264,-0.0352,-0.0445,2/6,-52.8497,-1.0,-0.0064
BN_120,a30 g20 R0 T20,958,-0.0762,-4.3845,-0.077,-0.0755,0/6,-76.2929,-1.0,-0.0428
BN_120,a30 g20 R0 T30,958,-0.065,-3.3373,-0.0614,-0.0687,1/6,-67.32,-1.0,-0.0316
BN_120,a30 g20 R0 T50,958,-0.0512,-2.4597,-0.0549,-0.0474,2/6,-59.5325,-1.0,-0.0178
BN_120,a30 g20 R1 T0,958,-0.0353,-1.5714,-0.0338,-0.0369,2/6,-46.6577,-1.8868,-0.0019
BN_120,a30 g20 R1 T20,958,-0.0762,-4.3845,-0.077,-0.0755,0/6,-76.2929,-1.0,-0.0428
BN_120,a30 g20 R1 T30,958,-0.0654,-3.359,-0.0612,-0.0697,1/6,-67.754,-1.0,-0.032
BN_120,a30 g20 R1 T50,958,-0.0504,-2.3734,-0.0575,-0.0431,2/6,-56.5576,-1.8868,-0.017
