candle_epoch,fire_ts,side,ask_paid,shares,stake_usd,fee_usd,pnl_usd,venue_outcome,fire_sec,model_p
1790126400,1790126584.2,D,0.42,11.43,4.99,0.195,6.43,D,184.2,0.4307
1790128800,1790128868.9,D,0.45,10.69,5.00,0.185,5.69,D,68.9,0.5584
1790129100,1790129211.4,D,0.55,8.80,4.99,0.152,-4.99,U,111.4,0.5809
1790129700,1790129762.0,D,0.45,10.69,5.00,0.185,-5.00,U,62.0,0.5584
1790130300,1790130395.5,D,0.54,8.96,5.00,0.156,-5.00,U,95.5,0.5747
1790134200,1790134303.4,D,0.41,7.02,3.00,0.119,-3.00,U,103.4,0.5179
1790137500,1790137715.3,D,0.49,5.90,2.99,0.103,2.90,D,215.3,0.5998
1790139900,1790140072.9,D,0.51,5.69,3.00,0.100,2.69,D,172.9,0.639
1790140200,1790140289.2,D,0.37,7.76,3.00,0.127,-3.00,U,89.2,0.4667
1790143500,1790143712.0,U,0.50,5.78,2.99,0.101,2.79,U,212.0,0.6159
1790146500,1790146641.2,U,0.48,6.02,3.00,0.105,3.03,U,141.2,0.6159
1790147100,1790147321.2,U,0.38,7.55,2.99,0.125,-2.99,D,221.2,0.4944
1790148900,1790149048.5,U,0.49,5.90,2.99,0.103,-2.99,D,148.5,0.6159
1790150700,1790150892.7,U,0.54,5.37,2.99,0.093,2.38,U,192.7,0.6615
1790154300,1790154375.4,U,0.50,5.78,2.99,0.101,2.79,U,75.4,0.6159
1790156100,1790156222.7,U,0.50,5.78,2.99,0.101,-2.99,D,122.7,0.6159
1790169000,1790169065.7,D,0.36,13.28,4.99,0.214,-4.99,U,65.7,0.4667
1790172900,1790172915.3,D,0.63,7.73,5.00,0.126,2.73,D,15.3,0.7587
1790173200,1790173244.0,U,0.54,8.96,5.00,0.156,-5.00,D,44.0,0.6615
1790173500,1790173561.2,D,0.30,15.87,4.99,0.233,10.87,D,61.2,0.4667
1790173800,1790173845.0,U,0.53,9.13,5.00,0.159,4.13,U,45.0,0.6615
1790174100,1790174170.7,D,0.32,14.91,5.00,0.227,-5.00,U,70.7,0.4307
1790174400,1790174526.8,D,0.36,13.28,4.99,0.214,8.28,D,126.8,0.4629
1790175300,1790175318.1,D,0.58,8.38,5.00,0.143,-5.00,U,18.1,0.5584
1790175600,1790175807.3,D,0.36,13.28,4.99,0.214,-4.99,U,207.3,0.4629
1790175900,1790175966.7,D,0.42,11.43,4.99,0.195,-4.99,U,66.7,0.5217
1790176200,1790176322.1,U,0.48,10.04,5.00,0.175,5.05,U,122.1,0.6159
1790176500,1790176638.8,D,0.44,10.93,5.00,0.189,5.93,D,138.8,0.5584
1790176800,1790176873.2,D,0.63,7.73,5.00,0.126,2.73,D,73.2,0.7587
1790177700,1790177785.2,D,0.51,9.47,5.00,0.166,4.47,D,85.2,0.6612
1790178600,1790178686.5,D,0.63,7.73,5.00,0.126,2.73,D,86.5,0.7587
1790178900,1790178970.5,U,0.50,9.66,5.00,0.169,-5.00,D,70.5,0.5537
1790179800,1790179980.2,D,0.52,9.31,5.00,0.163,-5.00,U,180.2,0.639
1790180100,1790180285.1,D,0.59,8.25,5.01,0.140,3.24,D,185.1,0.7587
1790180400,1790180583.7,U,0.49,9.84,4.99,0.172,-4.99,D,183.7,0.5537
1790181600,1790181755.0,U,0.34,14.03,4.99,0.220,9.04,U,155.0,0.4535
1790182200,1790182438.0,U,0.61,7.97,4.99,0.133,2.97,U,238.0,0.7503
1790182800,1790182927.0,D,0.36,13.33,5.01,0.215,8.32,D,127.0,0.4307
1790183100,1790183270.4,D,0.52,9.29,4.99,0.162,4.30,D,170.4,0.639
1790183400,1790183446.7,D,0.62,7.85,5.00,0.130,2.86,D,46.7,0.7587
1790184300,1790184368.4,U,0.43,11.16,4.99,0.192,-4.99,D,68.4,0.5537
1790185200,1790185247.7,D,0.51,9.47,5.00,0.166,-5.00,U,47.7,0.639
1790187300,1790187525.1,U,0.56,8.66,5.00,0.149,3.66,U,225.1,0.6978
1790189100,1790189296.4,D,0.57,8.54,5.02,0.147,-5.02,U,196.4,0.7587
1790191500,1790191684.9,D,0.41,11.71,5.00,0.198,6.71,D,184.9,0.5179
1790193600,1790193670.9,D,0.39,12.28,4.99,0.204,7.29,D,70.9,0.4307
1790197200,1790197374.3,D,0.42,11.43,4.99,0.195,-4.99,U,174.3,0.5217
1790203800,1790203996.8,D,0.47,10.26,5.00,0.179,5.26,D,196.8,0.5747
1790207700,1790207891.5,D,0.42,11.43,4.99,0.195,6.43,D,191.5,0.5217
1790212500,1790212575.5,D,0.37,12.92,4.99,0.211,-4.99,U,75.5,0.4629
1790212800,1790212861.9,D,0.63,7.73,5.00,0.126,-5.00,U,61.9,0.7587
1790213400,1790213489.3,U,0.45,10.69,5.00,0.185,5.69,U,89.3,0.5537
1790213700,1790213860.7,D,0.37,12.95,5.00,0.211,7.94,D,160.7,0.5584
1790217300,1790217487.0,U,0.41,11.71,5.00,0.198,6.71,U,187.0,0.4535
1790219700,1790219749.0,D,0.33,14.45,4.99,0.224,9.46,D,49.0,0.4307
1790220900,1790221034.0,D,0.56,8.66,5.00,0.149,3.66,D,134.0,0.5998
1790229600,1790229833.9,U,0.35,13.66,5.00,0.217,8.66,U,233.9,0.4535
1790231100,1790231150.6,D,0.33,14.45,4.99,0.224,-4.99,U,50.6,0.4307
1790234400,1790234594.1,D,0.54,8.96,5.00,0.156,-5.00,U,194.1,0.6612
1790235000,1790235099.0,D,0.40,11.97,4.99,0.201,-4.99,U,99.0,0.5217
1790237100,1790237326.8,D,0.35,27.34,10.01,0.435,17.34,D,226.8,0.4667
1790238900,1790238971.9,U,0.34,28.09,9.99,0.441,-9.99,D,71.9,0.4535
1790239800,1790239816.7,D,0.70,14.00,10.01,0.206,3.99,D,16.7,0.8555
1790240100,1790240240.4,D,0.45,21.38,9.99,0.370,-9.99,U,140.4,0.5584
1790240400,1790240529.7,D,0.35,27.31,9.99,0.435,17.32,D,129.7,0.4667
1790241600,1790241676.3,D,0.29,10.00,3.04,0.144,6.96,D,76.3,0.4307
1790242800,1790242927.1,U,0.54,17.93,9.99,0.312,-9.99,D,127.1,0.6615
1790243400,1790243503.0,D,0.33,28.94,10.00,0.448,-10.00,U,103.0,0.4307
1790244600,1790244761.0,D,0.60,16.20,9.99,0.272,6.21,D,161.0,0.5217
1790247000,1790247109.0,D,0.40,23.98,9.99,0.403,-9.99,U,109.0,0.5217
1790248200,1790248393.1,D,0.55,17.64,10.01,0.305,-10.01,U,193.1,0.6827
1790251800,1790252000.5,D,0.55,17.64,10.01,0.305,7.63,D,200.5,0.6827
1790254200,1790254272.9,U,0.40,15.00,6.25,0.252,-6.25,D,72.9,0.4944
1790255400,1790255598.4,U,0.54,17.93,9.99,0.312,7.93,U,198.4,0.6615
1790256000,1790256089.8,D,0.37,25.86,9.99,0.422,15.87,D,89.8,0.4667
1790256900,1790257039.5,D,0.71,13.80,10.00,0.199,-10.00,U,139.5,0.8555
1790257500,1790257602.4,U,0.55,17.60,9.98,0.305,-9.98,D,102.4,0.6159
1790258400,1790258551.3,U,0.76,12.93,10.00,0.165,-10.00,D,151.3,0.8938
1790259300,1790259411.4,U,0.46,10.00,4.77,0.174,5.23,U,111.4,0.6159
1790259600,1790259814.9,U,0.54,17.93,9.99,0.312,7.93,U,214.9,0.6159
1790260200,1790260330.7,U,0.48,5.00,2.49,0.087,-2.49,D,130.7,0.6159
1790260800,1790260865.3,D,0.40,23.98,9.99,0.403,13.98,D,65.3,0.4307
1790261400,1790261424.1,D,0.60,16.20,9.99,0.272,6.21,D,24.1,0.7587
1790261700,1790261724.3,D,0.62,15.71,10.00,0.259,5.71,D,24.3,0.7587
1790262000,1790262117.5,D,0.37,25.86,9.99,0.422,-9.99,U,117.5,0.5179
1790264700,1790264777.8,D,0.56,17.32,10.00,0.299,7.32,D,77.8,0.6827
1790265000,1790265048.0,D,0.42,10.00,4.37,0.171,-4.37,U,48.0,0.5179
1790267100,1790267185.0,U,0.55,17.60,9.98,0.305,7.62,U,85.0,0.6615
1790268300,1790268383.0,U,0.34,28.12,10.00,0.442,18.12,U,83.0,0.4535
1790268900,1790269005.4,D,0.60,16.23,10.01,0.273,-10.01,U,105.4,0.7587
1790269200,1790269302.5,U,0.50,19.32,10.00,0.338,-10.00,D,102.5,0.6159
1790270100,1790270243.6,D,0.51,18.94,9.99,0.331,8.95,D,143.6,0.639
1790270400,1790270485.1,U,0.48,20.08,9.99,0.351,-9.99,D,85.1,0.6159
1790274900,1790275115.1,U,0.50,19.30,9.99,0.338,9.31,U,215.1,0.5537
1790277300,1790277426.1,U,0.44,21.86,10.00,0.377,-10.00,D,126.1,0.5165
1790277600,1790277793.6,D,0.41,23.41,10.00,0.397,-10.00,U,193.6,0.5179
1790279400,1790279582.0,D,0.41,23.41,10.00,0.397,-10.00,U,182.0,0.4667
1790280000,1790280191.0,D,0.46,20.96,10.00,0.364,-10.00,U,191.0,0.5747
1790280300,1790280515.1,U,0.50,19.30,9.99,0.338,-9.99,D,215.1,0.6159
1790280900,1790281075.7,U,0.37,15.34,5.93,0.250,9.41,U,175.7,0.4944
1790283000,1790283151.5,D,0.60,16.20,9.99,0.272,6.21,D,151.5,0.6827
1790283600,1790283758.8,D,0.63,15.46,9.99,0.252,5.47,D,158.8,0.7587
1790284800,1790284998.9,D,0.45,21.38,9.99,0.370,11.39,D,198.9,0.5584
1790290800,1790290907.3,D,0.45,21.38,9.99,0.370,-9.99,U,107.3,0.5584
1790295900,1790296044.7,D,0.56,17.32,10.00,0.299,-10.00,U,144.7,0.6827
1790296800,1790297007.4,D,0.37,25.86,9.99,0.422,-9.99,U,207.4,0.4307
1790298900,1790299061.1,U,0.55,17.60,9.98,0.305,-9.98,D,161.1,0.6615
1790301900,1790301966.0,D,0.56,17.32,10.00,0.299,7.32,D,66.0,0.5217
1790302500,1790302703.8,D,0.55,8.17,4.63,0.142,-4.63,U,203.8,0.6827
1790303400,1790303524.4,D,0.33,28.94,10.00,0.448,18.94,D,124.4,0.4307
1790306100,1790306197.2,D,0.40,23.98,9.99,0.403,13.98,D,97.2,0.4307
1790316900,1790316945.7,D,0.34,28.09,9.99,0.441,-9.99,U,45.7,0.4307
1790320200,1790320355.0,D,0.30,31.77,10.00,0.467,-10.00,U,155.0,0.4307
1790322600,1790322768.1,D,0.43,22.40,10.01,0.384,-10.01,U,168.1,0.5638
1790332200,1790332410.3,U,0.50,19.32,10.00,0.338,-10.00,D,210.3,0.6159
1790334600,1790334622.3,U,0.40,23.98,9.99,0.403,13.98,U,22.3,0.4944
1790335500,1790335585.1,D,0.33,28.94,10.00,0.448,-10.00,U,85.1,0.4307
1790336100,1790336210.1,D,0.39,24.59,10.00,0.409,-10.00,U,110.1,0.4667
1790337000,1790337220.5,U,0.54,17.93,9.99,0.312,-9.99,D,220.5,0.6615
1790339400,1790339501.5,D,0.36,26.58,10.00,0.429,-10.00,U,101.5,0.4307
1790340300,1790340399.3,D,0.62,15.71,10.00,0.259,5.71,D,99.3,0.7587
1790340600,1790340828.2,U,0.43,11.19,5.00,0.192,6.18,U,228.2,0.5537
1790341500,1790341622.7,D,0.42,11.43,4.99,0.195,6.43,D,122.7,0.5217
1790342100,1790342223.1,D,0.30,16.66,5.24,0.245,11.42,D,123.1,0.4307
1790343300,1790343426.7,D,0.29,32.83,9.99,0.473,-9.99,U,126.7,0.4307
1790343900,1790343947.5,D,0.37,25.86,9.99,0.422,15.87,D,47.5,0.4307
1790344200,1790344327.3,U,0.76,12.93,10.00,0.165,2.94,U,127.3,0.8415
1790344500,1790344583.2,D,0.51,18.94,9.99,0.331,8.95,D,83.2,0.639
1790344800,1790344923.8,D,0.61,15.95,10.00,0.266,5.96,D,123.8,0.7587
1790345700,1790345731.4,U,0.50,18.60,9.63,0.326,8.97,U,31.4,0.6159
1790346000,1790346037.8,D,0.52,18.60,9.99,0.325,-9.99,U,37.8,0.639
1790346300,1790346427.4,D,0.56,17.32,10.00,0.299,-10.00,U,127.4,0.6813
1790348400,1790348565.0,D,0.45,21.38,9.99,0.370,11.39,D,165.0,0.5584
1790348700,1790348823.8,U,0.44,21.91,10.02,0.378,11.89,U,123.8,0.5537
1790349600,1790349657.6,U,0.42,22.86,9.99,0.390,12.87,U,57.6,0.5165
1790350200,1790350240.8,D,0.45,21.38,9.99,0.370,-9.99,U,40.8,0.5584
1790350800,1790350948.9,U,0.51,18.94,9.99,0.331,-9.99,D,148.9,0.5537
1790351100,1790351267.8,D,0.45,21.38,9.99,0.370,11.39,D,167.8,0.5584
1790352600,1790352771.7,D,0.50,19.32,10.00,0.338,-10.00,U,171.7,0.639
1790357400,1790357547.2,U,0.45,21.38,9.99,0.370,11.39,U,147.2,0.5165
1790363400,1790363474.9,U,0.40,24.18,10.08,0.406,14.10,U,74.9,0.4944
1790373000,1790373196.7,D,0.34,28.09,9.99,0.441,18.10,D,196.7,0.4307
1790376000,1790376173.0,D,0.34,28.09,9.99,0.441,-9.99,U,173.0,0.4307
1790383800,1790383947.0,D,0.31,10.00,3.25,0.150,-3.25,U,147.0,0.4307
1790384700,1790384818.3,U,0.40,23.98,9.99,0.403,-9.99,D,118.3,0.4944
1790388900,1790389096.0,D,0.63,15.46,9.99,0.252,-9.99,U,196.0,0.7587
1790397300,1790397520.9,U,0.49,19.69,9.99,0.344,9.70,U,220.9,0.4944
1790402700,1790402884.7,D,0.25,38.16,10.04,0.501,-10.04,U,184.7,0.4307
1790430300,1790430500.2,D,0.34,28.09,9.99,0.441,-9.99,U,200.2,0.4307
1790443200,1790443326.7,D,0.48,20.15,10.02,0.352,-10.02,U,126.7,0.639
1790455500,1790455634.5,D,0.32,29.81,9.99,0.454,19.82,D,134.5,0.4307
1790458200,1790458298.0,D,0.32,29.81,9.99,0.454,-9.99,U,98.0,0.4307
1790458500,1790458552.5,D,0.45,21.38,9.99,0.370,11.39,D,52.5,0.5584
1790464800,1790464946.8,D,0.34,28.09,9.99,0.441,-9.99,U,146.8,0.4307
1790465400,1790465518.0,D,0.46,20.93,9.99,0.364,-9.99,U,118.0,0.5638
1790475300,1790475349.5,D,0.37,25.86,9.99,0.422,-9.99,U,49.5,0.4629
1790477400,1790477523.1,D,0.31,30.74,9.99,0.460,-9.99,U,123.1,0.4307
1790493300,1790493472.6,D,0.56,17.32,10.00,0.299,7.32,D,172.6,0.6827
1790494800,1790494965.8,D,0.26,36.65,10.02,0.494,-10.02,U,165.8,0.4307
1790496600,1790496726.7,U,0.44,10.00,4.57,0.172,-4.57,D,126.7,0.5537
1790498700,1790498798.5,D,0.43,22.35,9.99,0.383,-9.99,U,98.5,0.5584
1790500200,1790500342.2,U,0.48,20.08,9.99,0.351,10.09,U,142.2,0.6615
1790502900,1790502964.7,U,0.47,20.51,10.00,0.358,10.51,U,64.7,0.4944
1790521200,1790521374.1,U,0.49,19.69,9.99,0.344,-9.99,D,174.1,0.6159
1790521500,1790521604.0,U,0.45,21.38,9.99,0.370,-9.99,D,104.0,0.5537
1790522400,1790522476.9,D,0.36,26.58,10.00,0.429,-10.00,U,76.9,0.4307
1790522700,1790522812.9,D,0.62,15.71,10.00,0.259,-10.00,U,112.9,0.7587
1790523900,1790524007.4,U,0.50,19.32,10.00,0.338,9.32,U,107.4,0.6159
1790525700,1790525904.2,U,0.50,10.00,5.17,0.175,4.83,U,204.2,0.6159
1790528100,1790528244.8,U,0.46,20.93,9.99,0.364,-9.99,D,144.8,0.5537
1790547000,1790547124.3,D,0.36,26.58,10.00,0.429,16.58,D,124.3,0.4629
1790553300,1790553492.2,D,0.69,14.19,10.00,0.212,4.19,D,192.2,0.8555
1790555100,1790555169.9,U,0.47,20.51,10.00,0.358,-10.00,D,69.9,0.5643
1790556000,1790556152.3,U,0.36,26.58,10.00,0.429,-10.00,D,152.3,0.4535
1790557500,1790557519.7,D,0.52,18.60,9.99,0.325,-9.99,U,19.7,0.639
1790558100,1790558245.7,U,0.49,19.69,9.99,0.344,-9.99,D,145.7,0.6159
1790559600,1790559632.3,D,0.45,21.38,9.99,0.370,11.39,D,32.3,0.5584
1790560200,1790560372.5,U,0.56,17.32,10.00,0.299,7.32,U,172.5,0.6159
1790560500,1790560611.2,U,0.45,21.38,9.99,0.370,-9.99,D,111.2,0.5537
1790561100,1790561129.9,D,0.43,22.37,10.00,0.384,-10.00,U,29.9,0.5584
1790562000,1790562063.2,D,0.54,17.93,9.99,0.312,7.93,D,63.2,0.6612
1790562300,1790562326.3,D,0.51,18.94,9.99,0.331,-9.99,U,26.3,0.639
1790562900,1790563009.7,D,0.45,21.38,9.99,0.370,11.39,D,109.7,0.5584
1790563200,1790563333.2,D,0.48,20.08,9.99,0.351,-9.99,U,133.2,0.4307
1790563800,1790563843.5,D,0.42,22.86,9.99,0.390,-9.99,U,43.5,0.5217
1790567100,1790567266.5,U,0.36,26.64,10.02,0.430,-10.02,D,166.5,0.4944
1790567400,1790567592.3,U,0.33,28.94,10.00,0.448,-10.00,D,192.3,0.4535
1790572500,1790572569.2,D,0.32,29.81,9.99,0.454,19.82,D,69.2,0.4307
1790577300,1790577406.4,D,0.42,22.86,9.99,0.390,12.87,D,106.4,0.5217
1790580900,1790581117.4,D,0.52,18.62,10.01,0.325,8.61,D,217.4,0.4667
1790581200,1790581425.7,U,0.55,17.60,9.98,0.305,-9.98,D,225.7,0.6554
1790582100,1790582237.8,D,0.33,20.00,6.91,0.309,13.09,D,137.8,0.4307
1790583000,1790583225.1,U,0.36,26.72,10.05,0.431,16.67,U,225.1,0.5537
1790583300,1790583460.4,D,0.55,9.27,5.26,0.161,4.01,D,160.4,0.6612
1790584800,1790584860.8,D,0.42,22.86,9.99,0.390,-9.99,U,60.8,0.5179
1790585700,1790585887.6,U,0.50,19.30,9.99,0.338,-9.99,D,187.6,0.6159
1790586900,1790586999.0,D,0.45,21.38,9.99,0.370,-9.99,U,99.0,0.5584
1790587200,1790587349.5,D,0.45,21.38,9.99,0.370,11.39,D,149.5,0.5584
1790587800,1790588008.4,D,0.52,18.60,9.99,0.325,8.60,D,208.4,0.639
1790589300,1790589354.8,U,0.47,20.55,10.02,0.358,-10.02,D,54.8,0.6159
1790590800,1790590923.9,U,0.49,19.71,10.00,0.345,9.71,U,123.9,0.6159
1790591100,1790591243.0,D,0.54,17.93,9.99,0.312,-9.99,U,143.0,0.6612
1790592900,1790592960.9,U,0.54,17.93,9.99,0.312,-9.99,D,60.9,0.6615
1790596200,1790596274.3,U,0.50,19.32,10.00,0.338,-10.00,D,74.3,0.6159
1790597700,1790597856.1,D,0.63,15.46,9.99,0.252,-9.99,U,156.1,0.7587
1790598300,1790598383.0,U,0.56,17.39,10.04,0.300,-10.04,D,83.0,0.4944
1790598900,1790599053.3,D,0.44,21.86,10.00,0.377,11.87,D,153.3,0.501
1790602200,1790602257.9,D,0.55,17.62,10.00,0.305,7.62,D,57.9,0.639
1790602500,1790602545.8,D,0.52,18.62,10.01,0.325,-10.01,U,45.8,0.6612
1790603400,1790603582.8,U,0.30,31.83,10.02,0.468,21.82,U,182.8,0.4535
1790603700,1790603762.0,D,0.63,15.46,9.99,0.252,5.47,D,62.0,0.7587
1790604900,1790605036.1,U,0.44,21.86,10.00,0.377,-10.00,D,136.1,0.6159
1790605500,1790605568.6,D,0.56,17.32,10.00,0.299,7.32,D,68.6,0.6612
1790605800,1790605864.6,D,0.31,30.74,9.99,0.460,-9.99,U,64.6,0.4307
1790606700,1790606735.4,D,0.41,23.41,10.00,0.397,-10.00,U,35.4,0.5179
1790607000,1790607092.3,D,0.55,17.62,10.00,0.305,7.62,D,92.3,0.6827
1790607600,1790607714.9,D,0.37,25.92,10.01,0.423,-10.01,U,114.9,0.5217
1790608200,1790608263.7,D,0.35,27.31,9.99,0.435,17.32,D,63.7,0.4667
1790608800,1790608938.7,U,0.50,19.30,9.99,0.338,9.31,U,138.7,0.5537
1790609100,1790609138.2,D,0.63,15.46,9.99,0.252,-9.99,U,38.2,0.7587
1790609400,1790609530.9,U,0.40,23.98,9.99,0.403,-9.99,D,130.9,0.5165
1790610000,1790610166.1,D,0.61,15.95,10.00,0.266,5.96,D,166.1,0.7587
1790610600,1790610668.9,D,0.42,7.17,3.13,0.122,-3.13,U,68.9,0.5217
1790615700,1790615785.0,U,0.75,13.09,9.99,0.172,-9.99,D,85.0,0.8415
1790616000,1790616073.0,U,0.50,19.32,10.00,0.338,-10.00,D,73.0,0.6159
1790616900,1790617114.8,U,0.50,19.32,10.00,0.338,9.32,U,214.8,0.6615
1790617800,1790617944.9,U,0.50,19.32,10.00,0.338,-10.00,D,144.9,0.6159
1790618400,1790618507.6,U,0.49,19.69,9.99,0.344,9.70,U,107.6,0.6159
1790624400,1790624561.6,D,0.56,5.00,2.89,0.086,-2.89,U,161.6,0.6827
1790624700,1790624881.5,D,0.34,28.09,9.99,0.441,18.10,D,181.5,0.4307
1790625300,1790625496.7,U,0.45,21.38,9.99,0.370,11.39,U,196.7,0.5537
1790625600,1790625789.7,U,0.47,20.55,10.02,0.358,10.53,U,189.7,0.6159
1790627100,1790627231.1,D,0.32,29.84,10.00,0.455,-10.00,U,131.1,0.4307
1790627400,1790627527.3,U,0.37,25.86,9.99,0.422,-9.99,D,127.3,0.4535
1790632800,1790632844.8,D,0.50,19.30,9.99,0.338,9.31,D,44.8,0.5998
1790633700,1790633851.5,U,0.51,18.94,9.99,0.331,8.95,U,151.5,0.5537
1790639700,1790639876.3,D,0.34,28.15,10.01,0.442,18.13,D,176.3,0.4629
1790640000,1790640141.2,U,0.50,19.32,10.00,0.338,9.32,U,141.2,0.6159
1790642400,1790642596.1,D,0.53,18.26,10.00,0.319,8.27,D,196.1,0.6827
1790643600,1790643750.0,U,0.62,15.71,10.00,0.259,-10.00,D,150.0,0.7503
1790644200,1790644358.0,U,0.50,19.32,10.00,0.338,-10.00,D,158.0,0.6159
1790644500,1790644580.4,D,0.65,15.02,10.00,0.239,5.02,D,80.4,0.7931
1790645100,1790645179.0,D,0.51,18.86,9.95,0.330,8.91,D,79.0,0.6827
1790645400,1790645514.1,D,0.42,22.86,9.99,0.390,-9.99,U,114.1,0.5179
1790646600,1790646757.4,U,0.53,18.26,10.00,0.319,8.27,U,157.4,0.6615
1790647500,1790647730.1,D,0.40,23.98,9.99,0.403,13.98,D,230.1,0.5217
1790648100,1790648312.2,U,0.42,22.90,10.01,0.391,12.89,U,212.2,0.5537
1790648400,1790648486.5,D,0.34,28.09,9.99,0.441,18.10,D,86.5,0.4307
1790649000,1790649063.8,D,0.50,19.32,10.00,0.338,9.32,D,63.8,0.5998
1790649600,1790649723.5,U,0.50,19.32,10.00,0.338,9.32,U,123.5,0.6159
1790650500,1790650622.1,D,0.45,21.38,9.99,0.370,-9.99,U,122.1,0.5584
1790651100,1790651224.1,U,0.50,19.36,10.02,0.339,-10.02,D,124.1,0.6615
1790660400,1790660467.6,D,0.34,28.09,9.99,0.441,-9.99,U,67.6,0.4307
1790661000,1790661101.2,D,0.34,25.00,8.89,0.393,-8.89,U,101.2,0.4307
1790665800,1790665956.5,D,0.62,8.58,5.46,0.141,3.12,D,156.5,0.6827
1790666100,1790666328.2,D,0.58,16.76,10.01,0.286,6.75,D,228.2,0.6612
1790671500,1790671734.4,U,0.26,36.69,10.03,0.494,-10.03,D,234.4,0.4535
1790678400,1790678592.2,D,0.64,15.23,10.00,0.246,5.24,D,192.2,0.7931
1790679900,1790679959.9,U,0.50,19.32,10.00,0.338,9.32,U,59.9,0.6159
1790680800,1790680923.6,U,0.50,19.32,10.00,0.338,9.32,U,123.6,0.4944
1790682600,1790682668.6,D,0.29,32.83,9.99,0.473,-9.99,U,68.6,0.4307
1790682900,1790683042.6,D,0.55,17.62,10.00,0.305,7.62,D,142.6,0.6827
1790684700,1790684822.5,U,0.48,20.10,10.00,0.351,-10.00,D,122.5,0.5537
1790685600,1790685665.9,U,0.40,23.98,9.99,0.403,-9.99,D,65.9,0.4944
1790687400,1790687564.2,D,0.63,15.46,9.99,0.252,5.47,D,164.2,0.7587
1790688900,1790688931.6,D,0.45,21.38,9.99,0.370,-9.99,U,31.6,0.5584
1790690100,1790690224.0,D,0.63,15.46,9.99,0.252,5.47,D,124.0,0.7587
1790691300,1790691493.8,U,0.50,19.32,10.00,0.338,9.32,U,193.8,0.6159
1790693100,1790693258.0,D,0.33,28.94,10.00,0.448,18.94,D,158.0,0.4307
1790693400,1790693495.2,U,0.35,27.31,9.99,0.435,-9.99,D,95.2,0.4535
1790694300,1790694399.2,U,0.37,25.89,10.00,0.422,-10.00,D,99.2,0.4944
1790694600,1790694653.2,D,0.37,25.86,9.99,0.422,15.87,D,53.2,0.4629
1790694900,1790695072.6,D,0.45,21.38,9.99,0.370,11.39,D,172.6,0.4667
1790695500,1790695594.9,U,0.49,19.69,9.99,0.344,-9.99,D,94.9,0.6159
1790696700,1790696779.8,D,0.42,22.86,9.99,0.390,-9.99,U,79.8,0.5179
1790697300,1790697535.0,D,0.47,20.51,10.00,0.358,-10.00,U,235.0,0.5747
1790700300,1790700395.3,U,0.49,19.69,9.99,0.344,-9.99,D,95.3,0.6159
1790701800,1790701868.9,U,0.50,19.32,10.00,0.338,-10.00,D,68.9,0.6159
1790703000,1790703153.9,D,0.29,32.86,10.00,0.474,-10.00,U,153.9,0.4307
1790705400,1790705464.4,U,0.50,19.32,10.00,0.338,9.32,U,64.4,0.6159
1790711100,1790711204.0,U,0.40,23.98,9.99,0.403,13.98,U,104.0,0.4944
1790716200,1790716421.6,D,0.26,36.81,10.07,0.496,-10.07,U,221.6,0.5217
1790720400,1790720460.9,D,0.31,30.74,9.99,0.460,-9.99,U,60.9,0.4307
1790725800,1790725991.4,D,0.65,15.02,10.00,0.239,5.02,D,191.4,0.7931
1790726400,1790726440.6,D,0.34,28.09,9.99,0.441,-9.99,U,40.6,0.4307
1790726700,1790726848.5,D,0.42,22.86,9.99,0.390,12.87,D,148.5,0.5217
1790727900,1790727975.9,D,0.52,18.60,9.99,0.325,-9.99,U,75.9,0.639
1790728800,1790728956.8,D,0.41,23.46,10.02,0.397,13.45,D,156.8,0.5217
1790730300,1790730438.1,D,0.55,17.62,10.00,0.305,-10.00,U,138.1,0.6827
1790731500,1790731607.1,D,0.40,10.00,4.17,0.168,5.83,D,107.1,0.5217
1790733000,1790733201.0,D,0.38,25.24,10.01,0.416,-10.01,U,201.0,0.4629
1790736000,1790736178.4,D,0.26,36.30,10.00,0.491,-10.00,U,178.4,0.4667
1790737200,1790737260.5,D,0.42,22.86,9.99,0.390,-9.99,U,60.5,0.5179
1790744700,1790744884.5,D,0.62,15.71,10.00,0.259,-10.00,U,184.5,0.7587
1790751600,1790751758.9,U,0.39,24.59,10.00,0.409,-10.00,D,158.9,0.5165
1790754600,1790754683.4,D,0.44,21.86,10.00,0.377,-10.00,U,83.4,0.5638
1790755200,1790755429.7,U,0.50,19.32,10.00,0.338,-10.00,D,229.7,0.6159
1790755500,1790755633.5,D,0.71,13.80,10.00,0.199,3.80,D,133.5,0.7931
1790756400,1790756627.6,U,0.38,25.24,10.01,0.416,-10.01,D,227.6,0.4944
1790756700,1790756742.8,D,0.32,29.84,10.00,0.455,19.84,D,42.8,0.4307
1790757300,1790757428.3,D,0.45,21.38,9.99,0.370,-9.99,U,128.3,0.5584
1790759400,1790759576.5,D,0.40,24.00,10.00,0.403,-10.00,U,176.5,0.5217
1790763900,1790764085.5,D,0.34,14.03,4.99,0.220,-4.99,U,185.5,0.4307
1790764800,1790764906.2,U,0.40,11.97,4.99,0.201,6.98,U,106.2,0.5165
1790765100,1790765246.1,U,0.48,10.04,5.00,0.175,5.05,U,146.1,0.6159
1790766300,1790766502.5,U,0.40,12.03,5.01,0.202,-5.01,D,202.5,0.5537
1790766600,1790766681.4,U,0.40,11.97,4.99,0.201,6.98,U,81.4,0.4944
1790767200,1790767371.3,U,0.39,12.28,4.99,0.204,7.29,U,171.3,0.5537
1790767500,1790767543.7,U,0.49,9.84,4.99,0.172,-4.99,D,43.7,0.6159
1790772000,1790772027.5,U,0.74,6.64,5.00,0.089,1.64,U,27.5,0.9849
1790772900,1790773002.9,D,0.71,6.90,5.00,0.100,1.90,D,102.9,0.8555
1790773800,1790773936.2,D,0.42,11.43,4.99,0.195,6.43,D,136.2,0.5179
1790774400,1790774440.2,U,0.50,9.64,4.99,0.169,-4.99,D,40.2,0.6159
1790775600,1790775616.4,D,0.51,9.47,5.00,0.166,-5.00,U,16.4,0.639
1790775900,1790775941.2,D,0.52,9.29,4.99,0.162,-4.99,U,41.2,0.639
1790776200,1790776296.3,U,0.77,6.39,5.00,0.079,1.39,U,96.3,0.918
1790776500,1790776596.2,U,0.44,10.93,5.00,0.189,-5.00,D,96.2,0.5537
1790776800,1790776846.7,D,0.66,7.39,5.00,0.116,2.40,D,46.7,0.7931
1790777100,1790777221.4,D,0.53,9.13,5.00,0.159,4.13,D,121.4,0.6612
1790777400,1790777531.8,D,0.70,7.00,5.00,0.103,-5.00,U,131.8,0.8555
1790778000,1790778074.5,D,0.40,11.97,4.99,0.201,6.98,D,74.5,0.5179
1790778300,1790778380.9,D,0.37,12.92,4.99,0.211,7.93,D,80.9,0.4307
1790778600,1790778661.5,D,0.40,11.97,4.99,0.201,6.98,D,61.5,0.5217
1790778900,1790778975.1,U,0.49,9.84,4.99,0.172,4.84,U,75.1,0.6159
1790779200,1790779307.1,U,0.48,10.04,5.00,0.175,-5.00,D,107.1,0.6159
1790779500,1790779644.2,U,0.77,12.78,10.00,0.158,2.78,U,144.2,0.918
1790780100,1790780328.9,D,0.32,29.81,9.99,0.454,-9.99,U,228.9,0.5584
1790780400,1790780604.9,U,0.62,15.71,10.00,0.259,5.71,U,204.9,0.6159
1790780700,1790780791.4,D,0.66,14.79,9.99,0.232,-9.99,U,91.4,0.6612
1790781900,1790782007.8,U,0.32,29.81,9.99,0.454,19.82,U,107.8,0.4535
1790782500,1790782645.0,U,0.54,17.93,9.99,0.312,7.93,U,145.0,0.6615
1790785800,1790785998.2,U,0.49,19.69,9.99,0.344,9.70,U,198.2,0.4944
1790788800,1790788909.8,U,0.40,23.98,9.99,0.403,-9.99,D,109.8,0.4944
1790790300,1790790365.7,U,0.53,18.26,10.00,0.319,8.27,U,65.7,0.6615
1790791800,1790791998.6,D,0.42,22.86,9.99,0.390,-9.99,U,198.6,0.5179
1790792700,1790792897.1,U,0.48,14.79,7.36,0.258,-7.36,D,197.1,0.5537
1790796000,1790796124.8,D,0.45,21.38,9.99,0.370,11.39,D,124.8,0.5584
1790803500,1790803623.1,U,0.45,21.38,9.99,0.370,-9.99,D,123.1,0.4944
1790803800,1790803916.4,U,0.55,2.00,1.13,0.035,0.87,U,116.4,0.6615
1790804100,1790804275.4,D,0.36,26.58,10.00,0.429,16.58,D,175.4,0.4667
1790806500,1790806726.2,D,0.20,47.13,9.95,0.528,-9.95,U,226.2,0.4667
1790818800,1790818894.1,D,0.54,17.93,9.99,0.312,-9.99,U,94.1,0.639
1790819400,1790819637.6,U,0.48,20.12,10.01,0.352,-10.01,D,237.6,0.5537
1790819700,1790819863.2,D,0.63,15.46,9.99,0.252,5.47,D,163.2,0.7587
1790820300,1790820444.0,D,0.37,15.00,5.79,0.245,-5.79,U,144.0,0.4629
1790821800,1790821893.8,D,0.33,28.94,10.00,0.448,-10.00,U,93.8,0.4307
1790827500,1790827674.3,D,0.37,25.86,9.99,0.422,-9.99,U,174.3,0.4629
1790828400,1790828514.3,U,0.42,22.88,10.00,0.390,12.88,U,114.3,0.4944
1790831100,1790831164.9,D,0.42,22.88,10.00,0.390,-10.00,U,64.9,0.4667
1790832000,1790832188.7,D,0.31,30.74,9.99,0.460,-9.99,U,188.7,0.4307
1790839500,1790839596.2,U,0.38,25.21,10.00,0.416,-10.00,D,96.2,0.4535
1790840400,1790840492.0,U,0.35,27.31,9.99,0.435,-9.99,D,92.0,0.4535
1790842200,1790842285.1,D,0.36,26.58,10.00,0.429,16.58,D,85.1,0.4307
1790842500,1790842626.5,D,0.33,29.06,10.04,0.450,-10.04,U,126.5,0.5584
1790844300,1790844430.2,U,0.50,19.32,10.00,0.338,-10.00,D,130.2,0.5537
1790844600,1790844673.2,D,0.53,18.30,10.02,0.319,-10.02,U,73.2,0.6821
1790847300,1790847456.7,U,0.50,8.19,4.24,0.143,-4.24,D,156.7,0.6159
1790849100,1790849232.3,U,0.33,28.94,10.00,0.448,18.94,U,132.3,0.4535
1790852100,1790852155.4,D,0.55,17.60,9.98,0.305,7.62,D,55.4,0.6612
1790852700,1790852910.7,D,0.37,25.86,9.99,0.422,-9.99,U,210.7,0.4667
1790854200,1790854310.6,D,0.40,23.98,9.99,0.403,13.98,D,110.6,0.5217
1790855700,1790855936.5,U,0.43,22.37,10.00,0.384,-10.00,D,236.5,0.5537
1790857200,1790857274.6,U,0.45,21.38,9.99,0.370,-9.99,D,74.6,0.5537
1790859000,1790859151.6,U,0.48,5.00,2.49,0.087,-2.49,D,151.6,0.6159
1790859600,1790859734.7,U,0.42,22.86,9.99,0.390,-9.99,D,134.7,0.5165
1790859900,1790860043.7,U,0.40,5.00,2.08,0.084,-2.08,D,143.7,0.4944
