candle_epoch,pnl_usd,stake_usd
1790122800,-5.00,5.00
1790126400,6.43,4.99
1790128800,5.69,5.00
1790129100,-4.99,4.99
1790129700,-5.00,5.00
1790130300,-5.00,5.00
1790134200,-3.00,3.00
1790137500,2.90,2.99
1790139900,2.69,3.00
1790140200,-3.00,3.00
1790143500,2.79,2.99
1790146500,3.03,3.00
1790147100,-2.99,2.99
1790148900,-2.99,2.99
1790150700,2.38,2.99
1790154300,2.79,2.99
1790156100,-2.99,2.99
1790169000,-4.99,4.99
1790170500,6.98,4.99
1790170800,2.36,2.64
1790171400,4.13,5.00
1790171700,-4.99,4.99
1790172000,5.69,5.00
1790172900,2.73,5.00
1790173200,-5.00,5.00
1790173500,10.87,4.99
1790173800,4.13,5.00
1790174100,-5.00,5.00
1790174400,8.28,4.99
1790175300,-5.00,5.00
1790175600,-4.99,4.99
1790175900,-4.99,4.99
1790176200,5.05,5.00
1790176500,5.93,5.00
1790176800,2.73,5.00
1790177700,4.47,5.00
1790178600,2.73,5.00
1790178900,-5.00,5.00
1790179800,-5.00,5.00
1790180100,3.24,5.01
1790180400,-4.99,4.99
1790181600,9.04,4.99
1790182200,2.97,4.99
1790182800,8.32,5.01
1790183100,4.30,4.99
1790183400,2.86,5.00
1790184300,-4.99,4.99
1790185200,-5.00,5.00
1790187300,3.66,5.00
1790189100,-5.02,5.02
1790191500,6.71,5.00
1790193600,7.29,4.99
1790197200,-4.99,4.99
1790203800,5.26,5.00
1790207700,6.43,4.99
1790212500,-4.99,4.99
1790212800,-5.00,5.00
1790213400,5.69,5.00
1790213700,7.94,5.00
1790217300,6.71,5.00
1790219700,9.46,4.99
1790220900,3.66,5.00
1790229600,8.66,5.00
1790231100,-4.99,4.99
1790234400,-5.00,5.00
1790235000,-4.99,4.99
1790237100,17.34,10.01
1790238900,-9.99,9.99
1790239800,3.99,10.01
1790240100,-9.99,9.99
1790240400,17.32,9.99
1790241600,6.96,3.04
1790242800,-9.99,9.99
1790243400,-10.00,10.00
1790244600,6.21,9.99
1790247000,-9.99,9.99
1790248200,-10.01,10.01
1790251800,7.63,10.01
1790254200,-6.25,6.25
1790255400,7.93,9.99
1790256000,15.87,9.99
1790256900,-10.00,10.00
1790257500,-9.98,9.98
1790258400,-10.00,10.00
1790259300,5.23,4.77
1790259600,7.93,9.99
1790260200,-2.49,2.49
1790260800,13.98,9.99
1790261400,6.21,9.99
1790261700,5.71,10.00
1790262000,-9.99,9.99
1790264700,7.32,10.00
1790265000,-4.37,4.37
1790267100,7.62,9.98
1790268300,18.12,10.00
1790268900,-10.01,10.01
1790269200,-10.00,10.00
1790270100,8.95,9.99
1790270400,-9.99,9.99
1790274900,9.31,9.99
1790277300,-10.00,10.00
1790277600,-10.00,10.00
1790279400,-10.00,10.00
1790280000,-10.00,10.00
1790280300,-9.99,9.99
1790280900,9.41,5.93
1790283000,6.21,9.99
1790283600,5.47,9.99
1790284800,11.39,9.99
1790290800,-9.99,9.99
1790295900,-10.00,10.00
1790296800,-9.99,9.99
1790298900,-9.98,9.98
1790301900,7.32,10.00
1790302500,-4.63,4.63
1790303400,18.94,10.00
1790306100,13.98,9.99
1790316900,-9.99,9.99
1790320200,-10.00,10.00
1790322600,-10.01,10.01
1790332200,-10.00,10.00
1790334600,13.98,9.99
1790335500,-10.00,10.00
1790336100,-10.00,10.00
1790337000,-9.99,9.99
1790339400,-10.00,10.00
1790340300,5.71,10.00
1790340600,6.18,5.00
1790341500,6.43,4.99
1790342100,11.42,5.24
1790343300,-9.99,9.99
1790343900,15.87,9.99
1790344200,2.94,10.00
1790344500,8.95,9.99
1790344800,5.96,10.00
1790345700,8.97,9.63
1790346000,-9.99,9.99
1790346300,-10.00,10.00
1790348400,11.39,9.99
1790348700,11.89,10.02
1790349600,12.87,9.99
1790350200,-9.99,9.99
1790350800,-9.99,9.99
1790351100,11.39,9.99
1790352600,-10.00,10.00
1790357400,11.39,9.99
1790363400,14.10,10.08
1790373000,18.10,9.99
1790376000,-9.99,9.99
1790383800,-3.25,3.25
1790384700,-9.99,9.99
1790388900,-9.99,9.99
1790397300,9.70,9.99
1790402700,-10.04,10.04
1790430300,-9.99,9.99
1790443200,-10.02,10.02
1790455500,19.82,9.99
1790458200,-9.99,9.99
1790458500,11.39,9.99
1790464800,-9.99,9.99
1790465400,-9.99,9.99
1790475300,-9.99,9.99
1790477400,-9.99,9.99
1790493300,7.32,10.00
1790494800,-10.02,10.02
1790496600,-4.57,4.57
1790498700,-9.99,9.99
1790500200,10.09,9.99
1790502900,10.51,10.00
1790521200,-9.99,9.99
1790521500,-9.99,9.99
1790522400,-10.00,10.00
1790522700,-10.00,10.00
1790523900,9.32,10.00
1790525700,4.83,5.17
1790528100,-9.99,9.99
1790547000,16.58,10.00
1790553300,4.19,10.00
1790555100,-10.00,10.00
1790556000,-10.00,10.00
1790557500,-9.99,9.99
1790558100,-9.99,9.99
1790559600,11.39,9.99
1790560200,7.32,10.00
1790560500,-9.99,9.99
1790561100,-10.00,10.00
1790562000,7.93,9.99
1790562300,-9.99,9.99
1790562900,11.39,9.99
1790563200,-9.99,9.99
1790563800,-9.99,9.99
1790567100,-10.02,10.02
1790567400,-10.00,10.00
1790572500,19.82,9.99
1790577300,12.87,9.99
1790580900,8.61,10.01
1790581200,-9.98,9.98
1790582100,13.09,6.91
1790583000,16.67,10.05
1790583300,4.01,5.26
1790584800,-9.99,9.99
1790585700,-9.99,9.99
1790586900,-9.99,9.99
1790587200,11.39,9.99
1790587800,8.60,9.99
1790589300,-10.02,10.02
1790590800,9.71,10.00
1790591100,-9.99,9.99
1790592900,-9.99,9.99
1790596200,-10.00,10.00
1790597700,-9.99,9.99
1790598300,-10.04,10.04
1790598900,11.87,10.00
1790602200,7.62,10.00
1790602500,-10.01,10.01
1790603400,21.82,10.02
1790603700,5.47,9.99
1790604900,-10.00,10.00
1790605500,7.32,10.00
1790605800,-9.99,9.99
1790606700,-10.00,10.00
1790607000,7.62,10.00
1790607600,-10.01,10.01
1790608200,17.32,9.99
1790608800,9.31,9.99
1790609100,-9.99,9.99
1790609400,-9.99,9.99
1790610000,5.96,10.00
1790610600,-3.13,3.13
1790615700,-9.99,9.99
1790616000,-10.00,10.00
1790616900,9.32,10.00
1790617800,-10.00,10.00
1790618400,9.70,9.99
1790624400,-2.89,2.89
1790624700,18.10,9.99
1790625300,11.39,9.99
1790625600,10.53,10.02
1790627100,-10.00,10.00
1790627400,-9.99,9.99
1790632800,9.31,9.99
1790633700,8.95,9.99
1790639700,18.13,10.01
1790640000,9.32,10.00
1790642400,8.27,10.00
1790643600,-10.00,10.00
1790644200,-10.00,10.00
1790644500,5.02,10.00
1790645100,8.91,9.95
1790645400,-9.99,9.99
1790646600,8.27,10.00
1790647500,13.98,9.99
1790648100,12.89,10.01
1790648400,18.10,9.99
1790649000,9.32,10.00
1790649600,9.32,10.00
1790650500,-9.99,9.99
1790651100,-10.02,10.02
1790660400,-9.99,9.99
1790661000,-8.89,8.89
1790665800,3.12,5.46
1790666100,6.75,10.01
1790671500,-10.03,10.03
1790678400,5.24,10.00
1790679900,9.32,10.00
1790680800,9.32,10.00
1790682600,-9.99,9.99
1790682900,7.62,10.00
1790684700,-10.00,10.00
1790685600,-9.99,9.99
1790687400,5.47,9.99
1790688900,-9.99,9.99
1790690100,5.47,9.99
1790691300,9.32,10.00
1790693100,18.94,10.00
1790693400,-9.99,9.99
1790694300,-10.00,10.00
1790694600,15.87,9.99
1790694900,11.39,9.99
1790695500,-9.99,9.99
1790696700,-9.99,9.99
1790697300,-10.00,10.00
1790700300,-9.99,9.99
1790701800,-10.00,10.00
1790703000,-10.00,10.00
1790705400,9.32,10.00
1790711100,13.98,9.99
1790716200,-10.07,10.07
1790720400,-9.99,9.99
1790725800,5.02,10.00
1790726400,-9.99,9.99
1790726700,12.87,9.99
1790727900,-9.99,9.99
1790728800,13.45,10.02
1790730300,-10.00,10.00
1790731500,5.83,4.17
